<?xml version="1.0" ?>
<LOG_ROOT>
	<PROJECT NAME="CPU">
		<CBX_INST_ENTRY INSTANCE_NAME="|CPU|ALU:CPU_ALU|alu_shift:shift|ROR:xunhuanyou|mux1:second3|lpm_mux:Mux9" CBX_FILE_NAME="mux_9rc.tdf"/>
		<CBX_INST_ENTRY INSTANCE_NAME="|CPU|ALU:CPU_ALU|alu_shift:shift|SHR:youyi|mux1:second1|lpm_mux:Mux24" CBX_FILE_NAME="mux_9rc.tdf"/>
		<CBX_INST_ENTRY INSTANCE_NAME="|CPU|ALU:CPU_ALU|alu_shift:shift|SHR:youyi|mux3:first1|lpm_mux:Mux26" CBX_FILE_NAME="mux_erc.tdf"/>
		<CBX_INST_ENTRY INSTANCE_NAME="|CPU|ALU:CPU_ALU|alu_shift:shift|SHR:youyi|mux1:second1|lpm_mux:Mux25" CBX_FILE_NAME="mux_9rc.tdf"/>
		<CBX_INST_ENTRY INSTANCE_NAME="|CPU|ALU:CPU_ALU|alu_shift:shift|SHR:youyi|mux3:first1|lpm_mux:Mux27" CBX_FILE_NAME="mux_erc.tdf"/>
		<CBX_INST_ENTRY INSTANCE_NAME="|CPU|ALU:CPU_ALU|alu_shift:shift|mux1:sign3|lpm_mux:Mux20" CBX_FILE_NAME="mux_9rc.tdf"/>
		<CBX_INST_ENTRY INSTANCE_NAME="|CPU|ALU:CPU_ALU|alu_shift:shift|SHR:youyi|mux1:second1|lpm_mux:Mux26" CBX_FILE_NAME="mux_9rc.tdf"/>
		<CBX_INST_ENTRY INSTANCE_NAME="|CPU|ALU:CPU_ALU|alu_shift:shift|SHR:youyi|mux3:first1|lpm_mux:Mux28" CBX_FILE_NAME="mux_erc.tdf"/>
		<CBX_INST_ENTRY INSTANCE_NAME="|CPU|ALU:CPU_ALU|alu_shift:shift|mux1:sign3|lpm_mux:Mux21" CBX_FILE_NAME="mux_9rc.tdf"/>
		<CBX_INST_ENTRY INSTANCE_NAME="|CPU|ALU:CPU_ALU|mux1:out1|lpm_mux:Mux10" CBX_FILE_NAME="mux_9rc.tdf"/>
		<CBX_INST_ENTRY INSTANCE_NAME="|CPU|ALU:CPU_ALU|alu_shift:shift|SHR:youyi|mux1:second1|lpm_mux:Mux27" CBX_FILE_NAME="mux_9rc.tdf"/>
		<CBX_INST_ENTRY INSTANCE_NAME="|CPU|ALU:CPU_ALU|alu_shift:shift|SHR:youyi|mux3:first1|lpm_mux:Mux29" CBX_FILE_NAME="mux_erc.tdf"/>
		<CBX_INST_ENTRY INSTANCE_NAME="|CPU|ALU:CPU_ALU|alu_shift:shift|mux1:sign3|lpm_mux:Mux22" CBX_FILE_NAME="mux_9rc.tdf"/>
		<CBX_INST_ENTRY INSTANCE_NAME="|CPU|ALU:CPU_ALU|mux1:out1|lpm_mux:Mux11" CBX_FILE_NAME="mux_9rc.tdf"/>
		<CBX_INST_ENTRY INSTANCE_NAME="|CPU|ALU:CPU_ALU|alu_shift:shift|SHR:youyi|mux1:second1|lpm_mux:Mux28" CBX_FILE_NAME="mux_9rc.tdf"/>
		<CBX_INST_ENTRY INSTANCE_NAME="|CPU|ALU:CPU_ALU|alu_shift:shift|mux1:sign3|lpm_mux:Mux23" CBX_FILE_NAME="mux_9rc.tdf"/>
		<CBX_INST_ENTRY INSTANCE_NAME="|CPU|ALU:CPU_ALU|mux1:out1|lpm_mux:Mux12" CBX_FILE_NAME="mux_9rc.tdf"/>
		<CBX_INST_ENTRY INSTANCE_NAME="|CPU|ALU:CPU_ALU|alu_shift:shift|SHR:youyi|mux1:second1|lpm_mux:Mux29" CBX_FILE_NAME="mux_9rc.tdf"/>
		<CBX_INST_ENTRY INSTANCE_NAME="|CPU|ALU:CPU_ALU|alu_shift:shift|mux1:sign3|lpm_mux:Mux24" CBX_FILE_NAME="mux_9rc.tdf"/>
		<CBX_INST_ENTRY INSTANCE_NAME="|CPU|ALU:CPU_ALU|mux1:out1|lpm_mux:Mux13" CBX_FILE_NAME="mux_9rc.tdf"/>
		<CBX_INST_ENTRY INSTANCE_NAME="|CPU|ALU:CPU_ALU|alu_shift:shift|mux1:sign3|lpm_mux:Mux25" CBX_FILE_NAME="mux_9rc.tdf"/>
		<CBX_INST_ENTRY INSTANCE_NAME="|CPU|ALU:CPU_ALU|mux1:out1|lpm_mux:Mux14" CBX_FILE_NAME="mux_9rc.tdf"/>
		<CBX_INST_ENTRY INSTANCE_NAME="|CPU|Mux32:CPU_PCSrc|lpm_mux:Mux27" CBX_FILE_NAME="mux_9rc.tdf"/>
		<CBX_INST_ENTRY INSTANCE_NAME="|CPU|ALU:CPU_ALU|alu_logic:logic1|mux1:out3|lpm_mux:Mux0" CBX_FILE_NAME="mux_9rc.tdf"/>
		<CBX_INST_ENTRY INSTANCE_NAME="|CPU|ALU:CPU_ALU|alu_shift:shift|ROR:xunhuanyou|mux3:first3|lpm_mux:Mux20" CBX_FILE_NAME="mux_erc.tdf"/>
		<CBX_INST_ENTRY INSTANCE_NAME="|CPU|ALU:CPU_ALU|alu_shift:shift|mux1:sign3|lpm_mux:Mux26" CBX_FILE_NAME="mux_9rc.tdf"/>
		<CBX_INST_ENTRY INSTANCE_NAME="|CPU|ALU:CPU_ALU|mux1:out1|lpm_mux:Mux15" CBX_FILE_NAME="mux_9rc.tdf"/>
		<CBX_INST_ENTRY INSTANCE_NAME="|CPU|Mux32:CPU_PCSrc|lpm_mux:Mux28" CBX_FILE_NAME="mux_9rc.tdf"/>
		<CBX_INST_ENTRY INSTANCE_NAME="|CPU|ALU:CPU_ALU|alu_logic:logic1|mux1:out3|lpm_mux:Mux1" CBX_FILE_NAME="mux_9rc.tdf"/>
		<CBX_INST_ENTRY INSTANCE_NAME="|CPU|ALU:CPU_ALU|alu_shift:shift|ROR:xunhuanyou|mux3:first3|lpm_mux:Mux21" CBX_FILE_NAME="mux_erc.tdf"/>
		<CBX_INST_ENTRY INSTANCE_NAME="|CPU|ALU:CPU_ALU|alu_shift:shift|SAR:fuhaoyou|mux1:second2|lpm_mux:Mux30" CBX_FILE_NAME="mux_9rc.tdf"/>
		<CBX_INST_ENTRY INSTANCE_NAME="|CPU|ALU:CPU_ALU|alu_shift:shift|mux1:sign3|lpm_mux:Mux27" CBX_FILE_NAME="mux_9rc.tdf"/>
		<CBX_INST_ENTRY INSTANCE_NAME="|CPU|ALU:CPU_ALU|mux1:out1|lpm_mux:Mux16" CBX_FILE_NAME="mux_9rc.tdf"/>
		<CBX_INST_ENTRY INSTANCE_NAME="|CPU|Mux32:CPU_PCSrc|lpm_mux:Mux29" CBX_FILE_NAME="mux_9rc.tdf"/>
		<CBX_INST_ENTRY INSTANCE_NAME="|CPU|RegFile:CPU_RegFile|lpm_mux:Mux90" CBX_FILE_NAME="mux_tsc.tdf"/>
		<CBX_INST_ENTRY INSTANCE_NAME="|CPU|ALU:CPU_ALU|alu_logic:logic1|mux1:out3|lpm_mux:Mux2" CBX_FILE_NAME="mux_9rc.tdf"/>
		<CBX_INST_ENTRY INSTANCE_NAME="|CPU|ALU:CPU_ALU|alu_shift:shift|ROR:xunhuanyou|mux3:first3|lpm_mux:Mux22" CBX_FILE_NAME="mux_erc.tdf"/>
		<CBX_INST_ENTRY INSTANCE_NAME="|CPU|ALU:CPU_ALU|alu_shift:shift|SAR:fuhaoyou|mux1:second2|lpm_mux:Mux31" CBX_FILE_NAME="mux_9rc.tdf"/>
		<CBX_INST_ENTRY INSTANCE_NAME="|CPU|ALU:CPU_ALU|alu_shift:shift|mux1:sign3|lpm_mux:Mux28" CBX_FILE_NAME="mux_9rc.tdf"/>
		<CBX_INST_ENTRY INSTANCE_NAME="|CPU|ALU:CPU_ALU|mux1:out1|lpm_mux:Mux17" CBX_FILE_NAME="mux_9rc.tdf"/>
		<CBX_INST_ENTRY INSTANCE_NAME="|CPU|RegFile:CPU_RegFile|lpm_mux:Mux91" CBX_FILE_NAME="mux_tsc.tdf"/>
		<CBX_INST_ENTRY INSTANCE_NAME="|CPU|ALU:CPU_ALU|alu_logic:logic1|mux1:out3|lpm_mux:Mux3" CBX_FILE_NAME="mux_9rc.tdf"/>
		<CBX_INST_ENTRY INSTANCE_NAME="|CPU|ALU:CPU_ALU|alu_shift:shift|ROR:xunhuanyou|mux3:first3|lpm_mux:Mux23" CBX_FILE_NAME="mux_erc.tdf"/>
		<CBX_INST_ENTRY INSTANCE_NAME="|CPU|ALU:CPU_ALU|alu_shift:shift|SHR:youyi|mux1:second1|lpm_mux:Mux0" CBX_FILE_NAME="mux_9rc.tdf"/>
		<CBX_INST_ENTRY INSTANCE_NAME="|CPU|ALU:CPU_ALU|alu_shift:shift|mux1:sign3|lpm_mux:Mux29" CBX_FILE_NAME="mux_9rc.tdf"/>
		<CBX_INST_ENTRY INSTANCE_NAME="|CPU|ALU:CPU_ALU|mux1:out1|lpm_mux:Mux18" CBX_FILE_NAME="mux_9rc.tdf"/>
		<CBX_INST_ENTRY INSTANCE_NAME="|CPU|RegFile:CPU_RegFile|lpm_mux:Mux92" CBX_FILE_NAME="mux_tsc.tdf"/>
		<CBX_INST_ENTRY INSTANCE_NAME="|CPU|ALU:CPU_ALU|alu_logic:logic1|mux1:out3|lpm_mux:Mux4" CBX_FILE_NAME="mux_9rc.tdf"/>
		<CBX_INST_ENTRY INSTANCE_NAME="|CPU|ALU:CPU_ALU|alu_shift:shift|ROR:xunhuanyou|mux3:first3|lpm_mux:Mux24" CBX_FILE_NAME="mux_erc.tdf"/>
		<CBX_INST_ENTRY INSTANCE_NAME="|CPU|ALU:CPU_ALU|alu_shift:shift|SHR:youyi|mux1:second1|lpm_mux:Mux1" CBX_FILE_NAME="mux_9rc.tdf"/>
		<CBX_INST_ENTRY INSTANCE_NAME="|CPU|ALU:CPU_ALU|alu_shift:shift|SHR:youyi|mux3:first1|lpm_mux:Mux30" CBX_FILE_NAME="mux_erc.tdf"/>
		<CBX_INST_ENTRY INSTANCE_NAME="|CPU|ALU:CPU_ALU|mux1:out1|lpm_mux:Mux19" CBX_FILE_NAME="mux_9rc.tdf"/>
		<CBX_INST_ENTRY INSTANCE_NAME="|CPU|RegFile:CPU_RegFile|lpm_mux:Mux93" CBX_FILE_NAME="mux_tsc.tdf"/>
		<CBX_INST_ENTRY INSTANCE_NAME="|CPU|ALU:CPU_ALU|alu_logic:logic1|mux1:out3|lpm_mux:Mux5" CBX_FILE_NAME="mux_9rc.tdf"/>
		<CBX_INST_ENTRY INSTANCE_NAME="|CPU|ALU:CPU_ALU|alu_shift:shift|ROR:xunhuanyou|mux3:first3|lpm_mux:Mux25" CBX_FILE_NAME="mux_erc.tdf"/>
		<CBX_INST_ENTRY INSTANCE_NAME="|CPU|ALU:CPU_ALU|alu_shift:shift|SHR:youyi|mux1:second1|lpm_mux:Mux2" CBX_FILE_NAME="mux_9rc.tdf"/>
		<CBX_INST_ENTRY INSTANCE_NAME="|CPU|ALU:CPU_ALU|alu_shift:shift|SHR:youyi|mux3:first1|lpm_mux:Mux31" CBX_FILE_NAME="mux_erc.tdf"/>
		<CBX_INST_ENTRY INSTANCE_NAME="|CPU|RegFile:CPU_RegFile|lpm_mux:Mux94" CBX_FILE_NAME="mux_tsc.tdf"/>
		<CBX_INST_ENTRY INSTANCE_NAME="|CPU|ALU:CPU_ALU|alu_logic:logic1|mux1:out3|lpm_mux:Mux6" CBX_FILE_NAME="mux_9rc.tdf"/>
		<CBX_INST_ENTRY INSTANCE_NAME="|CPU|ALU:CPU_ALU|alu_shift:shift|ROR:xunhuanyou|mux3:first3|lpm_mux:Mux26" CBX_FILE_NAME="mux_erc.tdf"/>
		<CBX_INST_ENTRY INSTANCE_NAME="|CPU|ALU:CPU_ALU|alu_shift:shift|SHR:youyi|mux1:second1|lpm_mux:Mux3" CBX_FILE_NAME="mux_9rc.tdf"/>
		<CBX_INST_ENTRY INSTANCE_NAME="|CPU|ALU:CPU_ALU|alu_shift:shift|SHR:youyi|mux1:second1|lpm_mux:Mux30" CBX_FILE_NAME="mux_9rc.tdf"/>
		<CBX_INST_ENTRY INSTANCE_NAME="|CPU|RegFile:CPU_RegFile|lpm_mux:Mux95" CBX_FILE_NAME="mux_tsc.tdf"/>
		<CBX_INST_ENTRY INSTANCE_NAME="|CPU|ALU:CPU_ALU|alu_logic:logic1|mux1:out3|lpm_mux:Mux7" CBX_FILE_NAME="mux_9rc.tdf"/>
		<CBX_INST_ENTRY INSTANCE_NAME="|CPU|ALU:CPU_ALU|alu_shift:shift|ROR:xunhuanyou|mux3:first3|lpm_mux:Mux27" CBX_FILE_NAME="mux_erc.tdf"/>
		<CBX_INST_ENTRY INSTANCE_NAME="|CPU|ALU:CPU_ALU|alu_shift:shift|SHR:youyi|mux1:second1|lpm_mux:Mux31" CBX_FILE_NAME="mux_9rc.tdf"/>
		<CBX_INST_ENTRY INSTANCE_NAME="|CPU|ALU:CPU_ALU|alu_shift:shift|SHR:youyi|mux1:second1|lpm_mux:Mux4" CBX_FILE_NAME="mux_9rc.tdf"/>
		<CBX_INST_ENTRY INSTANCE_NAME="|CPU|Mux32:CPU_ALUSrcB|lpm_mux:Mux0" CBX_FILE_NAME="mux_9rc.tdf"/>
		<CBX_INST_ENTRY INSTANCE_NAME="|CPU|ALU:CPU_ALU|alu_logic:logic1|mux1:out3|lpm_mux:Mux8" CBX_FILE_NAME="mux_9rc.tdf"/>
		<CBX_INST_ENTRY INSTANCE_NAME="|CPU|ALU:CPU_ALU|alu_shift:shift|ROR:xunhuanyou|mux3:first3|lpm_mux:Mux28" CBX_FILE_NAME="mux_erc.tdf"/>
		<CBX_INST_ENTRY INSTANCE_NAME="|CPU|ALU:CPU_ALU|alu_shift:shift|SHR:youyi|mux1:second1|lpm_mux:Mux5" CBX_FILE_NAME="mux_9rc.tdf"/>
		<CBX_INST_ENTRY INSTANCE_NAME="|CPU|Mux32:CPU_ALUSrcB|lpm_mux:Mux1" CBX_FILE_NAME="mux_9rc.tdf"/>
		<CBX_INST_ENTRY INSTANCE_NAME="|CPU|ALU:CPU_ALU|alu_logic:logic1|mux1:out3|lpm_mux:Mux9" CBX_FILE_NAME="mux_9rc.tdf"/>
		<CBX_INST_ENTRY INSTANCE_NAME="|CPU|ALU:CPU_ALU|alu_shift:shift|ROR:xunhuanyou|mux3:first3|lpm_mux:Mux29" CBX_FILE_NAME="mux_erc.tdf"/>
		<CBX_INST_ENTRY INSTANCE_NAME="|CPU|ALU:CPU_ALU|alu_shift:shift|SHR:youyi|mux1:second1|lpm_mux:Mux6" CBX_FILE_NAME="mux_9rc.tdf"/>
		<CBX_INST_ENTRY INSTANCE_NAME="|CPU|Mux32:CPU_ALUSrcB|lpm_mux:Mux2" CBX_FILE_NAME="mux_9rc.tdf"/>
		<CBX_INST_ENTRY INSTANCE_NAME="|CPU|Mux32:CPU_PCSrc|lpm_mux:Mux30" CBX_FILE_NAME="mux_9rc.tdf"/>
		<CBX_INST_ENTRY INSTANCE_NAME="|CPU|ALU:CPU_ALU|alu_shift:shift|SHR:youyi|mux1:second1|lpm_mux:Mux7" CBX_FILE_NAME="mux_9rc.tdf"/>
		<CBX_INST_ENTRY INSTANCE_NAME="|CPU|Mux32:CPU_ALUSrcB|lpm_mux:Mux3" CBX_FILE_NAME="mux_9rc.tdf"/>
		<CBX_INST_ENTRY INSTANCE_NAME="|CPU|Mux32:CPU_PCSrc|lpm_mux:Mux31" CBX_FILE_NAME="mux_9rc.tdf"/>
		<CBX_INST_ENTRY INSTANCE_NAME="|CPU|ALU:CPU_ALU|alu_shift:shift|SHR:youyi|mux1:second1|lpm_mux:Mux8" CBX_FILE_NAME="mux_9rc.tdf"/>
		<CBX_INST_ENTRY INSTANCE_NAME="|CPU|ALU:CPU_ALU|alu_shift:shift|mux1:sign3|lpm_mux:Mux30" CBX_FILE_NAME="mux_9rc.tdf"/>
		<CBX_INST_ENTRY INSTANCE_NAME="|CPU|Mux32:CPU_ALUSrcB|lpm_mux:Mux4" CBX_FILE_NAME="mux_9rc.tdf"/>
		<CBX_INST_ENTRY INSTANCE_NAME="|CPU|ALU:CPU_ALU|alu_shift:shift|SHL:zuoyi|mux3:first|lpm_mux:Mux10" CBX_FILE_NAME="mux_erc.tdf"/>
		<CBX_INST_ENTRY INSTANCE_NAME="|CPU|ALU:CPU_ALU|alu_shift:shift|SHR:youyi|mux1:second1|lpm_mux:Mux9" CBX_FILE_NAME="mux_9rc.tdf"/>
		<CBX_INST_ENTRY INSTANCE_NAME="|CPU|ALU:CPU_ALU|alu_shift:shift|mux1:sign3|lpm_mux:Mux31" CBX_FILE_NAME="mux_9rc.tdf"/>
		<CBX_INST_ENTRY INSTANCE_NAME="|CPU|ALU:CPU_ALU|mux1:out1|lpm_mux:Mux20" CBX_FILE_NAME="mux_9rc.tdf"/>
		<CBX_INST_ENTRY INSTANCE_NAME="|CPU|Mux32:CPU_ALUSrcB|lpm_mux:Mux5" CBX_FILE_NAME="mux_9rc.tdf"/>
		<CBX_INST_ENTRY INSTANCE_NAME="|CPU|ALU:CPU_ALU|alu_shift:shift|SHL:zuoyi|mux3:first|lpm_mux:Mux11" CBX_FILE_NAME="mux_erc.tdf"/>
		<CBX_INST_ENTRY INSTANCE_NAME="|CPU|ALU:CPU_ALU|mux1:out1|lpm_mux:Mux21" CBX_FILE_NAME="mux_9rc.tdf"/>
		<CBX_INST_ENTRY INSTANCE_NAME="|CPU|Mux32:CPU_ALUSrcB|lpm_mux:Mux6" CBX_FILE_NAME="mux_9rc.tdf"/>
		<CBX_INST_ENTRY INSTANCE_NAME="|CPU|ALU:CPU_ALU|alu_shift:shift|SHL:zuoyi|mux3:first|lpm_mux:Mux12" CBX_FILE_NAME="mux_erc.tdf"/>
		<CBX_INST_ENTRY INSTANCE_NAME="|CPU|ALU:CPU_ALU|mux1:out1|lpm_mux:Mux22" CBX_FILE_NAME="mux_9rc.tdf"/>
		<CBX_INST_ENTRY INSTANCE_NAME="|CPU|Mux32:CPU_ALUSrcB|lpm_mux:Mux7" CBX_FILE_NAME="mux_9rc.tdf"/>
		<CBX_INST_ENTRY INSTANCE_NAME="|CPU|ALU:CPU_ALU|alu_shift:shift|SHL:zuoyi|mux3:first|lpm_mux:Mux13" CBX_FILE_NAME="mux_erc.tdf"/>
		<CBX_INST_ENTRY INSTANCE_NAME="|CPU|ALU:CPU_ALU|mux1:out1|lpm_mux:Mux23" CBX_FILE_NAME="mux_9rc.tdf"/>
		<CBX_INST_ENTRY INSTANCE_NAME="|CPU|Mux32:CPU_ALUSrcB|lpm_mux:Mux8" CBX_FILE_NAME="mux_9rc.tdf"/>
		<CBX_INST_ENTRY INSTANCE_NAME="|CPU|ALU:CPU_ALU|alu_shift:shift|SHL:zuoyi|mux3:first|lpm_mux:Mux14" CBX_FILE_NAME="mux_erc.tdf"/>
		<CBX_INST_ENTRY INSTANCE_NAME="|CPU|ALU:CPU_ALU|mux1:out1|lpm_mux:Mux24" CBX_FILE_NAME="mux_9rc.tdf"/>
		<CBX_INST_ENTRY INSTANCE_NAME="|CPU|Mux32:CPU_ALUSrcB|lpm_mux:Mux9" CBX_FILE_NAME="mux_9rc.tdf"/>
		<CBX_INST_ENTRY INSTANCE_NAME="|CPU|ALU:CPU_ALU|alu_shift:shift|ROR:xunhuanyou|mux3:first3|lpm_mux:Mux30" CBX_FILE_NAME="mux_erc.tdf"/>
		<CBX_INST_ENTRY INSTANCE_NAME="|CPU|ALU:CPU_ALU|alu_shift:shift|SHL:zuoyi|mux3:first|lpm_mux:Mux15" CBX_FILE_NAME="mux_erc.tdf"/>
		<CBX_INST_ENTRY INSTANCE_NAME="|CPU|ALU:CPU_ALU|mux1:out1|lpm_mux:Mux25" CBX_FILE_NAME="mux_9rc.tdf"/>
		<CBX_INST_ENTRY INSTANCE_NAME="|CPU|ALU:CPU_ALU|alu_shift:shift|ROR:xunhuanyou|mux3:first3|lpm_mux:Mux31" CBX_FILE_NAME="mux_erc.tdf"/>
		<CBX_INST_ENTRY INSTANCE_NAME="|CPU|ALU:CPU_ALU|alu_shift:shift|SHL:zuoyi|mux3:first|lpm_mux:Mux16" CBX_FILE_NAME="mux_erc.tdf"/>
		<CBX_INST_ENTRY INSTANCE_NAME="|CPU|ALU:CPU_ALU|mux1:out1|lpm_mux:Mux26" CBX_FILE_NAME="mux_9rc.tdf"/>
		<CBX_INST_ENTRY INSTANCE_NAME="|CPU|ALU:CPU_ALU|alu_shift:shift|SHL:zuoyi|mux3:first|lpm_mux:Mux17" CBX_FILE_NAME="mux_erc.tdf"/>
		<CBX_INST_ENTRY INSTANCE_NAME="|CPU|ALU:CPU_ALU|mux1:out1|lpm_mux:Mux27" CBX_FILE_NAME="mux_9rc.tdf"/>
		<CBX_INST_ENTRY INSTANCE_NAME="|CPU|ALU:CPU_ALU|alu_shift:shift|SHL:zuoyi|mux3:first|lpm_mux:Mux18" CBX_FILE_NAME="mux_erc.tdf"/>
		<CBX_INST_ENTRY INSTANCE_NAME="|CPU|ALU:CPU_ALU|mux1:out1|lpm_mux:Mux28" CBX_FILE_NAME="mux_9rc.tdf"/>
		<CBX_INST_ENTRY INSTANCE_NAME="|CPU|ALU:CPU_ALU|alu_shift:shift|SHL:zuoyi|mux3:first|lpm_mux:Mux19" CBX_FILE_NAME="mux_erc.tdf"/>
		<CBX_INST_ENTRY INSTANCE_NAME="|CPU|ALU:CPU_ALU|mux1:out1|lpm_mux:Mux29" CBX_FILE_NAME="mux_9rc.tdf"/>
		<CBX_INST_ENTRY INSTANCE_NAME="|CPU|ALU:CPU_ALU|alu_shift:shift|SHL:zuoyi|mux1:second|lpm_mux:Mux0" CBX_FILE_NAME="mux_9rc.tdf"/>
		<CBX_INST_ENTRY INSTANCE_NAME="|CPU|ALU:CPU_ALU|alu_shift:shift|SHL:zuoyi|mux3:first|lpm_mux:Mux20" CBX_FILE_NAME="mux_erc.tdf"/>
		<CBX_INST_ENTRY INSTANCE_NAME="|CPU|ALU:CPU_ALU|mux1:out1|lpm_mux:Mux30" CBX_FILE_NAME="mux_9rc.tdf"/>
		<CBX_INST_ENTRY INSTANCE_NAME="|CPU|RegFile:CPU_RegFile|lpm_mux:Mux32" CBX_FILE_NAME="mux_tsc.tdf"/>
		<CBX_INST_ENTRY INSTANCE_NAME="|CPU|ALU:CPU_ALU|alu_shift:shift|SHL:zuoyi|mux1:second|lpm_mux:Mux1" CBX_FILE_NAME="mux_9rc.tdf"/>
		<CBX_INST_ENTRY INSTANCE_NAME="|CPU|ALU:CPU_ALU|alu_shift:shift|SHL:zuoyi|mux1:second|lpm_mux:Mux10" CBX_FILE_NAME="mux_9rc.tdf"/>
		<CBX_INST_ENTRY INSTANCE_NAME="|CPU|ALU:CPU_ALU|alu_shift:shift|SHL:zuoyi|mux3:first|lpm_mux:Mux21" CBX_FILE_NAME="mux_erc.tdf"/>
		<CBX_INST_ENTRY INSTANCE_NAME="|CPU|ALU:CPU_ALU|mux1:out1|lpm_mux:Mux31" CBX_FILE_NAME="mux_9rc.tdf"/>
		<CBX_INST_ENTRY INSTANCE_NAME="|CPU|RegFile:CPU_RegFile|lpm_mux:Mux33" CBX_FILE_NAME="mux_tsc.tdf"/>
		<CBX_INST_ENTRY INSTANCE_NAME="|CPU|ALU:CPU_ALU|alu_shift:shift|SHL:zuoyi|mux1:second|lpm_mux:Mux11" CBX_FILE_NAME="mux_9rc.tdf"/>
		<CBX_INST_ENTRY INSTANCE_NAME="|CPU|ALU:CPU_ALU|alu_shift:shift|SHL:zuoyi|mux1:second|lpm_mux:Mux2" CBX_FILE_NAME="mux_9rc.tdf"/>
		<CBX_INST_ENTRY INSTANCE_NAME="|CPU|ALU:CPU_ALU|alu_shift:shift|SHL:zuoyi|mux3:first|lpm_mux:Mux22" CBX_FILE_NAME="mux_erc.tdf"/>
		<CBX_INST_ENTRY INSTANCE_NAME="|CPU|RegFile:CPU_RegFile|lpm_mux:Mux34" CBX_FILE_NAME="mux_tsc.tdf"/>
		<CBX_INST_ENTRY INSTANCE_NAME="|CPU|ALU:CPU_ALU|alu_shift:shift|SHL:zuoyi|mux1:second|lpm_mux:Mux12" CBX_FILE_NAME="mux_9rc.tdf"/>
		<CBX_INST_ENTRY INSTANCE_NAME="|CPU|ALU:CPU_ALU|alu_shift:shift|SHL:zuoyi|mux1:second|lpm_mux:Mux3" CBX_FILE_NAME="mux_9rc.tdf"/>
		<CBX_INST_ENTRY INSTANCE_NAME="|CPU|ALU:CPU_ALU|alu_shift:shift|SHL:zuoyi|mux3:first|lpm_mux:Mux23" CBX_FILE_NAME="mux_erc.tdf"/>
		<CBX_INST_ENTRY INSTANCE_NAME="|CPU|RegFile:CPU_RegFile|lpm_mux:Mux35" CBX_FILE_NAME="mux_tsc.tdf"/>
		<CBX_INST_ENTRY INSTANCE_NAME="|CPU|ALU:CPU_ALU|alu_shift:shift|ROR:xunhuanyou|mux1:second3|lpm_mux:Mux10" CBX_FILE_NAME="mux_9rc.tdf"/>
		<CBX_INST_ENTRY INSTANCE_NAME="|CPU|ALU:CPU_ALU|alu_shift:shift|SHL:zuoyi|mux1:second|lpm_mux:Mux13" CBX_FILE_NAME="mux_9rc.tdf"/>
		<CBX_INST_ENTRY INSTANCE_NAME="|CPU|ALU:CPU_ALU|alu_shift:shift|SHL:zuoyi|mux1:second|lpm_mux:Mux4" CBX_FILE_NAME="mux_9rc.tdf"/>
		<CBX_INST_ENTRY INSTANCE_NAME="|CPU|ALU:CPU_ALU|alu_shift:shift|SHL:zuoyi|mux3:first|lpm_mux:Mux24" CBX_FILE_NAME="mux_erc.tdf"/>
		<CBX_INST_ENTRY INSTANCE_NAME="|CPU|ALU:CPU_ALU|alu_shift:shift|SHR:youyi|mux3:first1|lpm_mux:Mux0" CBX_FILE_NAME="mux_erc.tdf"/>
		<CBX_INST_ENTRY INSTANCE_NAME="|CPU|RegFile:CPU_RegFile|lpm_mux:Mux36" CBX_FILE_NAME="mux_tsc.tdf"/>
		<CBX_INST_ENTRY INSTANCE_NAME="|CPU|ALU:CPU_ALU|alu_shift:shift|ROR:xunhuanyou|mux1:second3|lpm_mux:Mux11" CBX_FILE_NAME="mux_9rc.tdf"/>
		<CBX_INST_ENTRY INSTANCE_NAME="|CPU|ALU:CPU_ALU|alu_shift:shift|SHL:zuoyi|mux1:second|lpm_mux:Mux14" CBX_FILE_NAME="mux_9rc.tdf"/>
		<CBX_INST_ENTRY INSTANCE_NAME="|CPU|ALU:CPU_ALU|alu_shift:shift|SHL:zuoyi|mux1:second|lpm_mux:Mux5" CBX_FILE_NAME="mux_9rc.tdf"/>
		<CBX_INST_ENTRY INSTANCE_NAME="|CPU|ALU:CPU_ALU|alu_shift:shift|SHL:zuoyi|mux3:first|lpm_mux:Mux25" CBX_FILE_NAME="mux_erc.tdf"/>
		<CBX_INST_ENTRY INSTANCE_NAME="|CPU|ALU:CPU_ALU|alu_shift:shift|SHR:youyi|mux3:first1|lpm_mux:Mux1" CBX_FILE_NAME="mux_erc.tdf"/>
		<CBX_INST_ENTRY INSTANCE_NAME="|CPU|RegFile:CPU_RegFile|lpm_mux:Mux37" CBX_FILE_NAME="mux_tsc.tdf"/>
		<CBX_INST_ENTRY INSTANCE_NAME="|CPU|ALU:CPU_ALU|alu_shift:shift|ROR:xunhuanyou|mux1:second3|lpm_mux:Mux12" CBX_FILE_NAME="mux_9rc.tdf"/>
		<CBX_INST_ENTRY INSTANCE_NAME="|CPU|ALU:CPU_ALU|alu_shift:shift|SHL:zuoyi|mux1:second|lpm_mux:Mux15" CBX_FILE_NAME="mux_9rc.tdf"/>
		<CBX_INST_ENTRY INSTANCE_NAME="|CPU|ALU:CPU_ALU|alu_shift:shift|SHL:zuoyi|mux1:second|lpm_mux:Mux6" CBX_FILE_NAME="mux_9rc.tdf"/>
		<CBX_INST_ENTRY INSTANCE_NAME="|CPU|ALU:CPU_ALU|alu_shift:shift|SHL:zuoyi|mux3:first|lpm_mux:Mux26" CBX_FILE_NAME="mux_erc.tdf"/>
		<CBX_INST_ENTRY INSTANCE_NAME="|CPU|ALU:CPU_ALU|alu_shift:shift|SHR:youyi|mux3:first1|lpm_mux:Mux2" CBX_FILE_NAME="mux_erc.tdf"/>
		<CBX_INST_ENTRY INSTANCE_NAME="|CPU|RegFile:CPU_RegFile|lpm_mux:Mux38" CBX_FILE_NAME="mux_tsc.tdf"/>
		<CBX_INST_ENTRY INSTANCE_NAME="|CPU|ALU:CPU_ALU|alu_shift:shift|ROR:xunhuanyou|mux1:second3|lpm_mux:Mux13" CBX_FILE_NAME="mux_9rc.tdf"/>
		<CBX_INST_ENTRY INSTANCE_NAME="|CPU|ALU:CPU_ALU|alu_shift:shift|SHL:zuoyi|mux1:second|lpm_mux:Mux16" CBX_FILE_NAME="mux_9rc.tdf"/>
		<CBX_INST_ENTRY INSTANCE_NAME="|CPU|ALU:CPU_ALU|alu_shift:shift|SHL:zuoyi|mux1:second|lpm_mux:Mux7" CBX_FILE_NAME="mux_9rc.tdf"/>
		<CBX_INST_ENTRY INSTANCE_NAME="|CPU|ALU:CPU_ALU|alu_shift:shift|SHL:zuoyi|mux3:first|lpm_mux:Mux27" CBX_FILE_NAME="mux_erc.tdf"/>
		<CBX_INST_ENTRY INSTANCE_NAME="|CPU|ALU:CPU_ALU|alu_shift:shift|SHR:youyi|mux3:first1|lpm_mux:Mux3" CBX_FILE_NAME="mux_erc.tdf"/>
		<CBX_INST_ENTRY INSTANCE_NAME="|CPU|ALU:CPU_ALU|mux2:sign10|lpm_mux:Mux0" CBX_FILE_NAME="mux_9rc.tdf"/>
		<CBX_INST_ENTRY INSTANCE_NAME="|CPU|RegFile:CPU_RegFile|lpm_mux:Mux39" CBX_FILE_NAME="mux_tsc.tdf"/>
		<CBX_INST_ENTRY INSTANCE_NAME="|CPU|ALU:CPU_ALU|alu_shift:shift|ROR:xunhuanyou|mux1:second3|lpm_mux:Mux14" CBX_FILE_NAME="mux_9rc.tdf"/>
		<CBX_INST_ENTRY INSTANCE_NAME="|CPU|ALU:CPU_ALU|alu_shift:shift|SHL:zuoyi|mux1:second|lpm_mux:Mux17" CBX_FILE_NAME="mux_9rc.tdf"/>
		<CBX_INST_ENTRY INSTANCE_NAME="|CPU|ALU:CPU_ALU|alu_shift:shift|SHL:zuoyi|mux1:second|lpm_mux:Mux8" CBX_FILE_NAME="mux_9rc.tdf"/>
		<CBX_INST_ENTRY INSTANCE_NAME="|CPU|ALU:CPU_ALU|alu_shift:shift|SHL:zuoyi|mux3:first|lpm_mux:Mux28" CBX_FILE_NAME="mux_erc.tdf"/>
		<CBX_INST_ENTRY INSTANCE_NAME="|CPU|ALU:CPU_ALU|alu_shift:shift|SHR:youyi|mux3:first1|lpm_mux:Mux4" CBX_FILE_NAME="mux_erc.tdf"/>
		<CBX_INST_ENTRY INSTANCE_NAME="|CPU|ALU:CPU_ALU|mux2:sign10|lpm_mux:Mux1" CBX_FILE_NAME="mux_9rc.tdf"/>
		<CBX_INST_ENTRY INSTANCE_NAME="|CPU|ALU:CPU_ALU|alu_shift:shift|ROR:xunhuanyou|mux1:second3|lpm_mux:Mux15" CBX_FILE_NAME="mux_9rc.tdf"/>
		<CBX_INST_ENTRY INSTANCE_NAME="|CPU|ALU:CPU_ALU|alu_shift:shift|SHL:zuoyi|mux1:second|lpm_mux:Mux18" CBX_FILE_NAME="mux_9rc.tdf"/>
		<CBX_INST_ENTRY INSTANCE_NAME="|CPU|ALU:CPU_ALU|alu_shift:shift|SHL:zuoyi|mux1:second|lpm_mux:Mux9" CBX_FILE_NAME="mux_9rc.tdf"/>
		<CBX_INST_ENTRY INSTANCE_NAME="|CPU|ALU:CPU_ALU|alu_shift:shift|SHL:zuoyi|mux3:first|lpm_mux:Mux29" CBX_FILE_NAME="mux_erc.tdf"/>
		<CBX_INST_ENTRY INSTANCE_NAME="|CPU|ALU:CPU_ALU|alu_shift:shift|SHR:youyi|mux3:first1|lpm_mux:Mux5" CBX_FILE_NAME="mux_erc.tdf"/>
		<CBX_INST_ENTRY INSTANCE_NAME="|CPU|ALU:CPU_ALU|mux2:sign10|lpm_mux:Mux2" CBX_FILE_NAME="mux_9rc.tdf"/>
		<CBX_INST_ENTRY INSTANCE_NAME="|CPU|ALU:CPU_ALU|alu_shift:shift|ROR:xunhuanyou|mux1:second3|lpm_mux:Mux16" CBX_FILE_NAME="mux_9rc.tdf"/>
		<CBX_INST_ENTRY INSTANCE_NAME="|CPU|ALU:CPU_ALU|alu_shift:shift|SHL:zuoyi|mux1:second|lpm_mux:Mux19" CBX_FILE_NAME="mux_9rc.tdf"/>
		<CBX_INST_ENTRY INSTANCE_NAME="|CPU|ALU:CPU_ALU|alu_shift:shift|SHR:youyi|mux3:first1|lpm_mux:Mux6" CBX_FILE_NAME="mux_erc.tdf"/>
		<CBX_INST_ENTRY INSTANCE_NAME="|CPU|ALU:CPU_ALU|mux2:sign10|lpm_mux:Mux3" CBX_FILE_NAME="mux_9rc.tdf"/>
		<CBX_INST_ENTRY INSTANCE_NAME="|CPU|ALU:CPU_ALU|alu_shift:shift|ROR:xunhuanyou|mux1:second3|lpm_mux:Mux17" CBX_FILE_NAME="mux_9rc.tdf"/>
		<CBX_INST_ENTRY INSTANCE_NAME="|CPU|ALU:CPU_ALU|alu_shift:shift|SHR:youyi|mux3:first1|lpm_mux:Mux7" CBX_FILE_NAME="mux_erc.tdf"/>
		<CBX_INST_ENTRY INSTANCE_NAME="|CPU|Mux32:CPU_ALUSrcB|lpm_mux:Mux10" CBX_FILE_NAME="mux_9rc.tdf"/>
		<CBX_INST_ENTRY INSTANCE_NAME="|CPU|ALU:CPU_ALU|alu_shift:shift|ROR:xunhuanyou|mux1:second3|lpm_mux:Mux18" CBX_FILE_NAME="mux_9rc.tdf"/>
		<CBX_INST_ENTRY INSTANCE_NAME="|CPU|ALU:CPU_ALU|alu_shift:shift|SHR:youyi|mux3:first1|lpm_mux:Mux8" CBX_FILE_NAME="mux_erc.tdf"/>
		<CBX_INST_ENTRY INSTANCE_NAME="|CPU|Mux32:CPU_ALUSrcB|lpm_mux:Mux11" CBX_FILE_NAME="mux_9rc.tdf"/>
		<CBX_INST_ENTRY INSTANCE_NAME="|CPU|ALU:CPU_ALU|alu_shift:shift|ROR:xunhuanyou|mux1:second3|lpm_mux:Mux19" CBX_FILE_NAME="mux_9rc.tdf"/>
		<CBX_INST_ENTRY INSTANCE_NAME="|CPU|ALU:CPU_ALU|alu_shift:shift|SHR:youyi|mux3:first1|lpm_mux:Mux9" CBX_FILE_NAME="mux_erc.tdf"/>
		<CBX_INST_ENTRY INSTANCE_NAME="|CPU|ALU:CPU_ALU|mux1:out1|lpm_mux:Mux0" CBX_FILE_NAME="mux_9rc.tdf"/>
		<CBX_INST_ENTRY INSTANCE_NAME="|CPU|Mux32:CPU_ALUSrcB|lpm_mux:Mux12" CBX_FILE_NAME="mux_9rc.tdf"/>
		<CBX_INST_ENTRY INSTANCE_NAME="|CPU|ALU:CPU_ALU|alu_shift:shift|SHL:zuoyi|mux3:first|lpm_mux:Mux0" CBX_FILE_NAME="mux_erc.tdf"/>
		<CBX_INST_ENTRY INSTANCE_NAME="|CPU|ALU:CPU_ALU|mux1:out1|lpm_mux:Mux1" CBX_FILE_NAME="mux_9rc.tdf"/>
		<CBX_INST_ENTRY INSTANCE_NAME="|CPU|Mux32:CPU_ALUSrcB|lpm_mux:Mux13" CBX_FILE_NAME="mux_9rc.tdf"/>
		<CBX_INST_ENTRY INSTANCE_NAME="|CPU|ALU:CPU_ALU|alu_shift:shift|SHL:zuoyi|mux3:first|lpm_mux:Mux1" CBX_FILE_NAME="mux_erc.tdf"/>
		<CBX_INST_ENTRY INSTANCE_NAME="|CPU|ALU:CPU_ALU|mux1:out1|lpm_mux:Mux2" CBX_FILE_NAME="mux_9rc.tdf"/>
		<CBX_INST_ENTRY INSTANCE_NAME="|CPU|Mux32:CPU_ALUSrcB|lpm_mux:Mux14" CBX_FILE_NAME="mux_9rc.tdf"/>
		<CBX_INST_ENTRY INSTANCE_NAME="|CPU|RegFile:CPU_RegFile|lpm_mux:Mux40" CBX_FILE_NAME="mux_tsc.tdf"/>
		<CBX_INST_ENTRY INSTANCE_NAME="|CPU|ALU:CPU_ALU|alu_shift:shift|SHL:zuoyi|mux3:first|lpm_mux:Mux2" CBX_FILE_NAME="mux_erc.tdf"/>
		<CBX_INST_ENTRY INSTANCE_NAME="|CPU|ALU:CPU_ALU|mux1:out1|lpm_mux:Mux3" CBX_FILE_NAME="mux_9rc.tdf"/>
		<CBX_INST_ENTRY INSTANCE_NAME="|CPU|Mux32:CPU_ALUSrcB|lpm_mux:Mux15" CBX_FILE_NAME="mux_9rc.tdf"/>
		<CBX_INST_ENTRY INSTANCE_NAME="|CPU|RegFile:CPU_RegFile|lpm_mux:Mux41" CBX_FILE_NAME="mux_tsc.tdf"/>
		<CBX_INST_ENTRY INSTANCE_NAME="|CPU|ALU:CPU_ALU|alu_shift:shift|SHL:zuoyi|mux3:first|lpm_mux:Mux3" CBX_FILE_NAME="mux_erc.tdf"/>
		<CBX_INST_ENTRY INSTANCE_NAME="|CPU|ALU:CPU_ALU|alu_shift:shift|SHL:zuoyi|mux3:first|lpm_mux:Mux30" CBX_FILE_NAME="mux_erc.tdf"/>
		<CBX_INST_ENTRY INSTANCE_NAME="|CPU|ALU:CPU_ALU|mux1:out1|lpm_mux:Mux4" CBX_FILE_NAME="mux_9rc.tdf"/>
		<CBX_INST_ENTRY INSTANCE_NAME="|CPU|IMem:CPU_IMem|altsyncram:altsyncram_component" CBX_FILE_NAME="altsyncram_cda1.tdf"/>
		<CBX_INST_ENTRY INSTANCE_NAME="|CPU|Mux32:CPU_ALUSrcB|lpm_mux:Mux16" CBX_FILE_NAME="mux_9rc.tdf"/>
		<CBX_INST_ENTRY INSTANCE_NAME="|CPU|RegFile:CPU_RegFile|lpm_mux:Mux42" CBX_FILE_NAME="mux_tsc.tdf"/>
		<CBX_INST_ENTRY INSTANCE_NAME="|CPU|ALU:CPU_ALU|alu_shift:shift|SHL:zuoyi|mux1:second|lpm_mux:Mux20" CBX_FILE_NAME="mux_9rc.tdf"/>
		<CBX_INST_ENTRY INSTANCE_NAME="|CPU|ALU:CPU_ALU|alu_shift:shift|SHL:zuoyi|mux3:first|lpm_mux:Mux31" CBX_FILE_NAME="mux_erc.tdf"/>
		<CBX_INST_ENTRY INSTANCE_NAME="|CPU|ALU:CPU_ALU|alu_shift:shift|SHL:zuoyi|mux3:first|lpm_mux:Mux4" CBX_FILE_NAME="mux_erc.tdf"/>
		<CBX_INST_ENTRY INSTANCE_NAME="|CPU|ALU:CPU_ALU|mux1:out1|lpm_mux:Mux5" CBX_FILE_NAME="mux_9rc.tdf"/>
		<CBX_INST_ENTRY INSTANCE_NAME="|CPU|Mux32:CPU_ALUSrcB|lpm_mux:Mux17" CBX_FILE_NAME="mux_9rc.tdf"/>
		<CBX_INST_ENTRY INSTANCE_NAME="|CPU|RegFile:CPU_RegFile|lpm_mux:Mux43" CBX_FILE_NAME="mux_tsc.tdf"/>
		<CBX_INST_ENTRY INSTANCE_NAME="|CPU|ALU:CPU_ALU|alu_shift:shift|SHL:zuoyi|mux1:second|lpm_mux:Mux21" CBX_FILE_NAME="mux_9rc.tdf"/>
		<CBX_INST_ENTRY INSTANCE_NAME="|CPU|ALU:CPU_ALU|alu_shift:shift|SHL:zuoyi|mux3:first|lpm_mux:Mux5" CBX_FILE_NAME="mux_erc.tdf"/>
		<CBX_INST_ENTRY INSTANCE_NAME="|CPU|ALU:CPU_ALU|mux1:out1|lpm_mux:Mux6" CBX_FILE_NAME="mux_9rc.tdf"/>
		<CBX_INST_ENTRY INSTANCE_NAME="|CPU|Mux32:CPU_ALUSrcB|lpm_mux:Mux18" CBX_FILE_NAME="mux_9rc.tdf"/>
		<CBX_INST_ENTRY INSTANCE_NAME="|CPU|RegFile:CPU_RegFile|lpm_mux:Mux44" CBX_FILE_NAME="mux_tsc.tdf"/>
		<CBX_INST_ENTRY INSTANCE_NAME="|CPU|ALU:CPU_ALU|alu_logic:logic1|mux1:out3|lpm_mux:Mux10" CBX_FILE_NAME="mux_9rc.tdf"/>
		<CBX_INST_ENTRY INSTANCE_NAME="|CPU|ALU:CPU_ALU|alu_shift:shift|SHL:zuoyi|mux1:second|lpm_mux:Mux22" CBX_FILE_NAME="mux_9rc.tdf"/>
		<CBX_INST_ENTRY INSTANCE_NAME="|CPU|ALU:CPU_ALU|alu_shift:shift|SHL:zuoyi|mux3:first|lpm_mux:Mux6" CBX_FILE_NAME="mux_erc.tdf"/>
		<CBX_INST_ENTRY INSTANCE_NAME="|CPU|ALU:CPU_ALU|mux1:out1|lpm_mux:Mux7" CBX_FILE_NAME="mux_9rc.tdf"/>
		<CBX_INST_ENTRY INSTANCE_NAME="|CPU|Mux32:CPU_ALUSrcB|lpm_mux:Mux19" CBX_FILE_NAME="mux_9rc.tdf"/>
		<CBX_INST_ENTRY INSTANCE_NAME="|CPU|RegFile:CPU_RegFile|lpm_mux:Mux45" CBX_FILE_NAME="mux_tsc.tdf"/>
		<CBX_INST_ENTRY INSTANCE_NAME="|CPU|ALU:CPU_ALU|alu_logic:logic1|mux1:out3|lpm_mux:Mux11" CBX_FILE_NAME="mux_9rc.tdf"/>
		<CBX_INST_ENTRY INSTANCE_NAME="|CPU|ALU:CPU_ALU|alu_shift:shift|ROR:xunhuanyou|mux1:second3|lpm_mux:Mux20" CBX_FILE_NAME="mux_9rc.tdf"/>
		<CBX_INST_ENTRY INSTANCE_NAME="|CPU|ALU:CPU_ALU|alu_shift:shift|SHL:zuoyi|mux1:second|lpm_mux:Mux23" CBX_FILE_NAME="mux_9rc.tdf"/>
		<CBX_INST_ENTRY INSTANCE_NAME="|CPU|ALU:CPU_ALU|alu_shift:shift|SHL:zuoyi|mux3:first|lpm_mux:Mux7" CBX_FILE_NAME="mux_erc.tdf"/>
		<CBX_INST_ENTRY INSTANCE_NAME="|CPU|ALU:CPU_ALU|mux1:out1|lpm_mux:Mux8" CBX_FILE_NAME="mux_9rc.tdf"/>
		<CBX_INST_ENTRY INSTANCE_NAME="|CPU|RegFile:CPU_RegFile|lpm_mux:Mux46" CBX_FILE_NAME="mux_tsc.tdf"/>
		<CBX_INST_ENTRY INSTANCE_NAME="|CPU|ALU:CPU_ALU|alu_logic:logic1|mux1:out3|lpm_mux:Mux12" CBX_FILE_NAME="mux_9rc.tdf"/>
		<CBX_INST_ENTRY INSTANCE_NAME="|CPU|ALU:CPU_ALU|alu_shift:shift|ROR:xunhuanyou|mux1:second3|lpm_mux:Mux21" CBX_FILE_NAME="mux_9rc.tdf"/>
		<CBX_INST_ENTRY INSTANCE_NAME="|CPU|ALU:CPU_ALU|alu_shift:shift|SHL:zuoyi|mux1:second|lpm_mux:Mux24" CBX_FILE_NAME="mux_9rc.tdf"/>
		<CBX_INST_ENTRY INSTANCE_NAME="|CPU|ALU:CPU_ALU|alu_shift:shift|SHL:zuoyi|mux3:first|lpm_mux:Mux8" CBX_FILE_NAME="mux_erc.tdf"/>
		<CBX_INST_ENTRY INSTANCE_NAME="|CPU|ALU:CPU_ALU|mux1:out1|lpm_mux:Mux9" CBX_FILE_NAME="mux_9rc.tdf"/>
		<CBX_INST_ENTRY INSTANCE_NAME="|CPU|RegFile:CPU_RegFile|lpm_mux:Mux47" CBX_FILE_NAME="mux_tsc.tdf"/>
		<CBX_INST_ENTRY INSTANCE_NAME="|CPU|ALU:CPU_ALU|alu_logic:logic1|mux1:out3|lpm_mux:Mux13" CBX_FILE_NAME="mux_9rc.tdf"/>
		<CBX_INST_ENTRY INSTANCE_NAME="|CPU|ALU:CPU_ALU|alu_shift:shift|ROR:xunhuanyou|mux1:second3|lpm_mux:Mux22" CBX_FILE_NAME="mux_9rc.tdf"/>
		<CBX_INST_ENTRY INSTANCE_NAME="|CPU|ALU:CPU_ALU|alu_shift:shift|SHL:zuoyi|mux1:second|lpm_mux:Mux25" CBX_FILE_NAME="mux_9rc.tdf"/>
		<CBX_INST_ENTRY INSTANCE_NAME="|CPU|ALU:CPU_ALU|alu_shift:shift|SHL:zuoyi|mux3:first|lpm_mux:Mux9" CBX_FILE_NAME="mux_erc.tdf"/>
		<CBX_INST_ENTRY INSTANCE_NAME="|CPU|RegFile:CPU_RegFile|lpm_mux:Mux48" CBX_FILE_NAME="mux_tsc.tdf"/>
		<CBX_INST_ENTRY INSTANCE_NAME="|CPU|ALU:CPU_ALU|alu_logic:logic1|mux1:out3|lpm_mux:Mux14" CBX_FILE_NAME="mux_9rc.tdf"/>
		<CBX_INST_ENTRY INSTANCE_NAME="|CPU|ALU:CPU_ALU|alu_shift:shift|ROR:xunhuanyou|mux1:second3|lpm_mux:Mux23" CBX_FILE_NAME="mux_9rc.tdf"/>
		<CBX_INST_ENTRY INSTANCE_NAME="|CPU|ALU:CPU_ALU|alu_shift:shift|SHL:zuoyi|mux1:second|lpm_mux:Mux26" CBX_FILE_NAME="mux_9rc.tdf"/>
		<CBX_INST_ENTRY INSTANCE_NAME="|CPU|RegFile:CPU_RegFile|lpm_mux:Mux49" CBX_FILE_NAME="mux_tsc.tdf"/>
		<CBX_INST_ENTRY INSTANCE_NAME="|CPU|ALU:CPU_ALU|alu_logic:logic1|mux1:out3|lpm_mux:Mux15" CBX_FILE_NAME="mux_9rc.tdf"/>
		<CBX_INST_ENTRY INSTANCE_NAME="|CPU|ALU:CPU_ALU|alu_shift:shift|ROR:xunhuanyou|mux1:second3|lpm_mux:Mux24" CBX_FILE_NAME="mux_9rc.tdf"/>
		<CBX_INST_ENTRY INSTANCE_NAME="|CPU|ALU:CPU_ALU|alu_shift:shift|SHL:zuoyi|mux1:second|lpm_mux:Mux27" CBX_FILE_NAME="mux_9rc.tdf"/>
		<CBX_INST_ENTRY INSTANCE_NAME="|CPU|ALU:CPU_ALU|alu_logic:logic1|mux1:out3|lpm_mux:Mux16" CBX_FILE_NAME="mux_9rc.tdf"/>
		<CBX_INST_ENTRY INSTANCE_NAME="|CPU|ALU:CPU_ALU|alu_shift:shift|ROR:xunhuanyou|mux1:second3|lpm_mux:Mux25" CBX_FILE_NAME="mux_9rc.tdf"/>
		<CBX_INST_ENTRY INSTANCE_NAME="|CPU|ALU:CPU_ALU|alu_shift:shift|SHL:zuoyi|mux1:second|lpm_mux:Mux28" CBX_FILE_NAME="mux_9rc.tdf"/>
		<CBX_INST_ENTRY INSTANCE_NAME="|CPU|ALU:CPU_ALU|alu_logic:logic1|mux1:out3|lpm_mux:Mux17" CBX_FILE_NAME="mux_9rc.tdf"/>
		<CBX_INST_ENTRY INSTANCE_NAME="|CPU|ALU:CPU_ALU|alu_shift:shift|ROR:xunhuanyou|mux1:second3|lpm_mux:Mux26" CBX_FILE_NAME="mux_9rc.tdf"/>
		<CBX_INST_ENTRY INSTANCE_NAME="|CPU|ALU:CPU_ALU|alu_shift:shift|SHL:zuoyi|mux1:second|lpm_mux:Mux29" CBX_FILE_NAME="mux_9rc.tdf"/>
		<CBX_INST_ENTRY INSTANCE_NAME="|CPU|ALU:CPU_ALU|alu_shift:shift|mux1:sign3|lpm_mux:Mux0" CBX_FILE_NAME="mux_9rc.tdf"/>
		<CBX_INST_ENTRY INSTANCE_NAME="|CPU|ALU:CPU_ALU|alu_logic:logic1|mux1:out3|lpm_mux:Mux18" CBX_FILE_NAME="mux_9rc.tdf"/>
		<CBX_INST_ENTRY INSTANCE_NAME="|CPU|ALU:CPU_ALU|alu_shift:shift|ROR:xunhuanyou|mux1:second3|lpm_mux:Mux27" CBX_FILE_NAME="mux_9rc.tdf"/>
		<CBX_INST_ENTRY INSTANCE_NAME="|CPU|ALU:CPU_ALU|alu_shift:shift|mux1:sign3|lpm_mux:Mux1" CBX_FILE_NAME="mux_9rc.tdf"/>
		<CBX_INST_ENTRY INSTANCE_NAME="|CPU|Mux32:CPU_ALUSrcB|lpm_mux:Mux20" CBX_FILE_NAME="mux_9rc.tdf"/>
		<CBX_INST_ENTRY INSTANCE_NAME="|CPU|ALU:CPU_ALU|alu_logic:logic1|mux1:out3|lpm_mux:Mux19" CBX_FILE_NAME="mux_9rc.tdf"/>
		<CBX_INST_ENTRY INSTANCE_NAME="|CPU|ALU:CPU_ALU|alu_shift:shift|ROR:xunhuanyou|mux1:second3|lpm_mux:Mux28" CBX_FILE_NAME="mux_9rc.tdf"/>
		<CBX_INST_ENTRY INSTANCE_NAME="|CPU|ALU:CPU_ALU|alu_shift:shift|mux1:sign3|lpm_mux:Mux2" CBX_FILE_NAME="mux_9rc.tdf"/>
		<CBX_INST_ENTRY INSTANCE_NAME="|CPU|Mux32:CPU_ALUSrcB|lpm_mux:Mux21" CBX_FILE_NAME="mux_9rc.tdf"/>
		<CBX_INST_ENTRY INSTANCE_NAME="|CPU|ALU:CPU_ALU|alu_shift:shift|ROR:xunhuanyou|mux1:second3|lpm_mux:Mux29" CBX_FILE_NAME="mux_9rc.tdf"/>
		<CBX_INST_ENTRY INSTANCE_NAME="|CPU|ALU:CPU_ALU|alu_shift:shift|mux1:sign3|lpm_mux:Mux3" CBX_FILE_NAME="mux_9rc.tdf"/>
		<CBX_INST_ENTRY INSTANCE_NAME="|CPU|Mux32:CPU_ALUSrcB|lpm_mux:Mux22" CBX_FILE_NAME="mux_9rc.tdf"/>
		<CBX_INST_ENTRY INSTANCE_NAME="|CPU|ALU:CPU_ALU|alu_shift:shift|mux1:sign3|lpm_mux:Mux4" CBX_FILE_NAME="mux_9rc.tdf"/>
		<CBX_INST_ENTRY INSTANCE_NAME="|CPU|Mux32:CPU_ALUSrcB|lpm_mux:Mux23" CBX_FILE_NAME="mux_9rc.tdf"/>
		<CBX_INST_ENTRY INSTANCE_NAME="|CPU|ALU:CPU_ALU|alu_shift:shift|SAR:fuhaoyou|mux3:first2|lpm_mux:Mux10" CBX_FILE_NAME="mux_erc.tdf"/>
		<CBX_INST_ENTRY INSTANCE_NAME="|CPU|ALU:CPU_ALU|alu_shift:shift|mux1:sign3|lpm_mux:Mux5" CBX_FILE_NAME="mux_9rc.tdf"/>
		<CBX_INST_ENTRY INSTANCE_NAME="|CPU|Mux32:CPU_ALUSrcB|lpm_mux:Mux24" CBX_FILE_NAME="mux_9rc.tdf"/>
		<CBX_INST_ENTRY INSTANCE_NAME="|CPU|RegFile:CPU_RegFile|lpm_mux:Mux50" CBX_FILE_NAME="mux_tsc.tdf"/>
		<CBX_INST_ENTRY INSTANCE_NAME="|CPU|ALU:CPU_ALU|alu_shift:shift|SAR:fuhaoyou|mux3:first2|lpm_mux:Mux11" CBX_FILE_NAME="mux_erc.tdf"/>
		<CBX_INST_ENTRY INSTANCE_NAME="|CPU|ALU:CPU_ALU|alu_shift:shift|mux1:sign3|lpm_mux:Mux6" CBX_FILE_NAME="mux_9rc.tdf"/>
		<CBX_INST_ENTRY INSTANCE_NAME="|CPU|Mux32:CPU_ALUSrcB|lpm_mux:Mux25" CBX_FILE_NAME="mux_9rc.tdf"/>
		<CBX_INST_ENTRY INSTANCE_NAME="|CPU|RegFile:CPU_RegFile|lpm_mux:Mux51" CBX_FILE_NAME="mux_tsc.tdf"/>
		<CBX_INST_ENTRY INSTANCE_NAME="|CPU|ALU:CPU_ALU|alu_shift:shift|SAR:fuhaoyou|mux3:first2|lpm_mux:Mux12" CBX_FILE_NAME="mux_erc.tdf"/>
		<CBX_INST_ENTRY INSTANCE_NAME="|CPU|ALU:CPU_ALU|alu_shift:shift|mux1:sign3|lpm_mux:Mux7" CBX_FILE_NAME="mux_9rc.tdf"/>
		<CBX_INST_ENTRY INSTANCE_NAME="|CPU|Mux32:CPU_ALUSrcB|lpm_mux:Mux26" CBX_FILE_NAME="mux_9rc.tdf"/>
		<CBX_INST_ENTRY INSTANCE_NAME="|CPU|RegFile:CPU_RegFile|lpm_mux:Mux52" CBX_FILE_NAME="mux_tsc.tdf"/>
		<CBX_INST_ENTRY INSTANCE_NAME="|CPU|ALU:CPU_ALU|alu_shift:shift|SAR:fuhaoyou|mux3:first2|lpm_mux:Mux13" CBX_FILE_NAME="mux_erc.tdf"/>
		<CBX_INST_ENTRY INSTANCE_NAME="|CPU|ALU:CPU_ALU|alu_shift:shift|SHL:zuoyi|mux1:second|lpm_mux:Mux30" CBX_FILE_NAME="mux_9rc.tdf"/>
		<CBX_INST_ENTRY INSTANCE_NAME="|CPU|ALU:CPU_ALU|alu_shift:shift|mux1:sign3|lpm_mux:Mux8" CBX_FILE_NAME="mux_9rc.tdf"/>
		<CBX_INST_ENTRY INSTANCE_NAME="|CPU|Mux32:CPU_ALUSrcB|lpm_mux:Mux27" CBX_FILE_NAME="mux_9rc.tdf"/>
		<CBX_INST_ENTRY INSTANCE_NAME="|CPU|RegFile:CPU_RegFile|lpm_mux:Mux53" CBX_FILE_NAME="mux_tsc.tdf"/>
		<CBX_INST_ENTRY INSTANCE_NAME="|CPU|ALU:CPU_ALU|alu_shift:shift|SAR:fuhaoyou|mux3:first2|lpm_mux:Mux14" CBX_FILE_NAME="mux_erc.tdf"/>
		<CBX_INST_ENTRY INSTANCE_NAME="|CPU|ALU:CPU_ALU|alu_shift:shift|SHL:zuoyi|mux1:second|lpm_mux:Mux31" CBX_FILE_NAME="mux_9rc.tdf"/>
		<CBX_INST_ENTRY INSTANCE_NAME="|CPU|ALU:CPU_ALU|alu_shift:shift|mux1:sign3|lpm_mux:Mux9" CBX_FILE_NAME="mux_9rc.tdf"/>
		<CBX_INST_ENTRY INSTANCE_NAME="|CPU|Mux32:CPU_ALUSrcB|lpm_mux:Mux28" CBX_FILE_NAME="mux_9rc.tdf"/>
		<CBX_INST_ENTRY INSTANCE_NAME="|CPU|RegFile:CPU_RegFile|lpm_mux:Mux54" CBX_FILE_NAME="mux_tsc.tdf"/>
		<CBX_INST_ENTRY INSTANCE_NAME="|CPU|ALU:CPU_ALU|alu_logic:logic1|mux1:out3|lpm_mux:Mux20" CBX_FILE_NAME="mux_9rc.tdf"/>
		<CBX_INST_ENTRY INSTANCE_NAME="|CPU|ALU:CPU_ALU|alu_shift:shift|SAR:fuhaoyou|mux3:first2|lpm_mux:Mux15" CBX_FILE_NAME="mux_erc.tdf"/>
		<CBX_INST_ENTRY INSTANCE_NAME="|CPU|Mux32:CPU_ALUSrcB|lpm_mux:Mux29" CBX_FILE_NAME="mux_9rc.tdf"/>
		<CBX_INST_ENTRY INSTANCE_NAME="|CPU|RegFile:CPU_RegFile|lpm_mux:Mux55" CBX_FILE_NAME="mux_tsc.tdf"/>
		<CBX_INST_ENTRY INSTANCE_NAME="|CPU|ALU:CPU_ALU|alu_logic:logic1|mux1:out3|lpm_mux:Mux21" CBX_FILE_NAME="mux_9rc.tdf"/>
		<CBX_INST_ENTRY INSTANCE_NAME="|CPU|ALU:CPU_ALU|alu_shift:shift|ROR:xunhuanyou|mux1:second3|lpm_mux:Mux30" CBX_FILE_NAME="mux_9rc.tdf"/>
		<CBX_INST_ENTRY INSTANCE_NAME="|CPU|ALU:CPU_ALU|alu_shift:shift|SAR:fuhaoyou|mux3:first2|lpm_mux:Mux16" CBX_FILE_NAME="mux_erc.tdf"/>
		<CBX_INST_ENTRY INSTANCE_NAME="|CPU|RegFile:CPU_RegFile|lpm_mux:Mux56" CBX_FILE_NAME="mux_tsc.tdf"/>
		<CBX_INST_ENTRY INSTANCE_NAME="|CPU|ALU:CPU_ALU|alu_logic:logic1|mux1:out3|lpm_mux:Mux22" CBX_FILE_NAME="mux_9rc.tdf"/>
		<CBX_INST_ENTRY INSTANCE_NAME="|CPU|ALU:CPU_ALU|alu_shift:shift|ROR:xunhuanyou|mux1:second3|lpm_mux:Mux31" CBX_FILE_NAME="mux_9rc.tdf"/>
		<CBX_INST_ENTRY INSTANCE_NAME="|CPU|ALU:CPU_ALU|alu_shift:shift|SAR:fuhaoyou|mux3:first2|lpm_mux:Mux17" CBX_FILE_NAME="mux_erc.tdf"/>
		<CBX_INST_ENTRY INSTANCE_NAME="|CPU|RegFile:CPU_RegFile|lpm_mux:Mux57" CBX_FILE_NAME="mux_tsc.tdf"/>
		<CBX_INST_ENTRY INSTANCE_NAME="|CPU|ALU:CPU_ALU|alu_logic:logic1|mux1:out3|lpm_mux:Mux23" CBX_FILE_NAME="mux_9rc.tdf"/>
		<CBX_INST_ENTRY INSTANCE_NAME="|CPU|ALU:CPU_ALU|alu_shift:shift|SAR:fuhaoyou|mux3:first2|lpm_mux:Mux18" CBX_FILE_NAME="mux_erc.tdf"/>
		<CBX_INST_ENTRY INSTANCE_NAME="|CPU|RegFile:CPU_RegFile|lpm_mux:Mux58" CBX_FILE_NAME="mux_tsc.tdf"/>
		<CBX_INST_ENTRY INSTANCE_NAME="|CPU|ALU:CPU_ALU|alu_logic:logic1|mux1:out3|lpm_mux:Mux24" CBX_FILE_NAME="mux_9rc.tdf"/>
		<CBX_INST_ENTRY INSTANCE_NAME="|CPU|ALU:CPU_ALU|alu_shift:shift|SAR:fuhaoyou|mux3:first2|lpm_mux:Mux19" CBX_FILE_NAME="mux_erc.tdf"/>
		<CBX_INST_ENTRY INSTANCE_NAME="|CPU|RegFile:CPU_RegFile|lpm_mux:Mux59" CBX_FILE_NAME="mux_tsc.tdf"/>
		<CBX_INST_ENTRY INSTANCE_NAME="|CPU|ALU:CPU_ALU|alu_logic:logic1|mux1:out3|lpm_mux:Mux25" CBX_FILE_NAME="mux_9rc.tdf"/>
		<CBX_INST_ENTRY INSTANCE_NAME="|CPU|ALU:CPU_ALU|alu_logic:logic1|mux1:out3|lpm_mux:Mux26" CBX_FILE_NAME="mux_9rc.tdf"/>
		<CBX_INST_ENTRY INSTANCE_NAME="|CPU|ALU:CPU_ALU|alu_logic:logic1|mux1:out3|lpm_mux:Mux27" CBX_FILE_NAME="mux_9rc.tdf"/>
		<CBX_INST_ENTRY INSTANCE_NAME="|CPU|ALU:CPU_ALU|alu_logic:logic1|mux1:out3|lpm_mux:Mux28" CBX_FILE_NAME="mux_9rc.tdf"/>
		<CBX_INST_ENTRY INSTANCE_NAME="|CPU|Mux32:CPU_ALUSrcB|lpm_mux:Mux30" CBX_FILE_NAME="mux_9rc.tdf"/>
		<CBX_INST_ENTRY INSTANCE_NAME="|CPU|ALU:CPU_ALU|alu_logic:logic1|mux1:out3|lpm_mux:Mux29" CBX_FILE_NAME="mux_9rc.tdf"/>
		<CBX_INST_ENTRY INSTANCE_NAME="|CPU|Mux32:CPU_ALUSrcB|lpm_mux:Mux31" CBX_FILE_NAME="mux_9rc.tdf"/>
		<CBX_INST_ENTRY INSTANCE_NAME="|CPU|ALU:CPU_ALU|alu_shift:shift|SAR:fuhaoyou|mux3:first2|lpm_mux:Mux0" CBX_FILE_NAME="mux_erc.tdf"/>
		<CBX_INST_ENTRY INSTANCE_NAME="|CPU|ALU:CPU_ALU|alu_shift:shift|SAR:fuhaoyou|mux3:first2|lpm_mux:Mux1" CBX_FILE_NAME="mux_erc.tdf"/>
		<CBX_INST_ENTRY INSTANCE_NAME="|CPU|Mux32:CPU_RegWriteSrc|lpm_mux:Mux10" CBX_FILE_NAME="mux_9rc.tdf"/>
		<CBX_INST_ENTRY INSTANCE_NAME="|CPU|ALU:CPU_ALU|alu_shift:shift|SAR:fuhaoyou|mux1:second2|lpm_mux:Mux0" CBX_FILE_NAME="mux_9rc.tdf"/>
		<CBX_INST_ENTRY INSTANCE_NAME="|CPU|ALU:CPU_ALU|alu_shift:shift|SAR:fuhaoyou|mux3:first2|lpm_mux:Mux2" CBX_FILE_NAME="mux_erc.tdf"/>
		<CBX_INST_ENTRY INSTANCE_NAME="|CPU|ALU:CPU_ALU|alu_shift:shift|SAR:fuhaoyou|mux3:first2|lpm_mux:Mux20" CBX_FILE_NAME="mux_erc.tdf"/>
		<CBX_INST_ENTRY INSTANCE_NAME="|CPU|Control:CPU_Control|lpm_mux:Mux0" CBX_FILE_NAME="mux_3tc.tdf"/>
		<CBX_INST_ENTRY INSTANCE_NAME="|CPU|Mux32:CPU_RegWriteSrc|lpm_mux:Mux11" CBX_FILE_NAME="mux_9rc.tdf"/>
		<CBX_INST_ENTRY INSTANCE_NAME="|CPU|RegFile:CPU_RegFile|lpm_mux:Mux60" CBX_FILE_NAME="mux_tsc.tdf"/>
		<CBX_INST_ENTRY INSTANCE_NAME="|CPU|ALU:CPU_ALU|alu_shift:shift|SAR:fuhaoyou|mux1:second2|lpm_mux:Mux1" CBX_FILE_NAME="mux_9rc.tdf"/>
		<CBX_INST_ENTRY INSTANCE_NAME="|CPU|ALU:CPU_ALU|alu_shift:shift|SAR:fuhaoyou|mux3:first2|lpm_mux:Mux21" CBX_FILE_NAME="mux_erc.tdf"/>
		<CBX_INST_ENTRY INSTANCE_NAME="|CPU|ALU:CPU_ALU|alu_shift:shift|SAR:fuhaoyou|mux3:first2|lpm_mux:Mux3" CBX_FILE_NAME="mux_erc.tdf"/>
		<CBX_INST_ENTRY INSTANCE_NAME="|CPU|Control:CPU_Control|lpm_mux:Mux1" CBX_FILE_NAME="mux_3tc.tdf"/>
		<CBX_INST_ENTRY INSTANCE_NAME="|CPU|Mux32:CPU_RegWriteSrc|lpm_mux:Mux12" CBX_FILE_NAME="mux_9rc.tdf"/>
		<CBX_INST_ENTRY INSTANCE_NAME="|CPU|RegFile:CPU_RegFile|lpm_mux:Mux61" CBX_FILE_NAME="mux_tsc.tdf"/>
		<CBX_INST_ENTRY INSTANCE_NAME="|CPU|ALU:CPU_ALU|alu_shift:shift|SAR:fuhaoyou|mux1:second2|lpm_mux:Mux2" CBX_FILE_NAME="mux_9rc.tdf"/>
		<CBX_INST_ENTRY INSTANCE_NAME="|CPU|ALU:CPU_ALU|alu_shift:shift|SAR:fuhaoyou|mux3:first2|lpm_mux:Mux22" CBX_FILE_NAME="mux_erc.tdf"/>
		<CBX_INST_ENTRY INSTANCE_NAME="|CPU|ALU:CPU_ALU|alu_shift:shift|SAR:fuhaoyou|mux3:first2|lpm_mux:Mux4" CBX_FILE_NAME="mux_erc.tdf"/>
		<CBX_INST_ENTRY INSTANCE_NAME="|CPU|Control:CPU_Control|lpm_mux:Mux2" CBX_FILE_NAME="mux_3tc.tdf"/>
		<CBX_INST_ENTRY INSTANCE_NAME="|CPU|Mux32:CPU_RegWriteSrc|lpm_mux:Mux13" CBX_FILE_NAME="mux_9rc.tdf"/>
		<CBX_INST_ENTRY INSTANCE_NAME="|CPU|RegFile:CPU_RegFile|lpm_mux:Mux62" CBX_FILE_NAME="mux_tsc.tdf"/>
		<CBX_INST_ENTRY INSTANCE_NAME="|CPU|ALU:CPU_ALU|alu_shift:shift|SAR:fuhaoyou|mux1:second2|lpm_mux:Mux3" CBX_FILE_NAME="mux_9rc.tdf"/>
		<CBX_INST_ENTRY INSTANCE_NAME="|CPU|ALU:CPU_ALU|alu_shift:shift|SAR:fuhaoyou|mux3:first2|lpm_mux:Mux23" CBX_FILE_NAME="mux_erc.tdf"/>
		<CBX_INST_ENTRY INSTANCE_NAME="|CPU|ALU:CPU_ALU|alu_shift:shift|SAR:fuhaoyou|mux3:first2|lpm_mux:Mux5" CBX_FILE_NAME="mux_erc.tdf"/>
		<CBX_INST_ENTRY INSTANCE_NAME="|CPU|Control:CPU_Control|lpm_mux:Mux3" CBX_FILE_NAME="mux_usc.tdf"/>
		<CBX_INST_ENTRY INSTANCE_NAME="|CPU|Mux32:CPU_RegWriteSrc|lpm_mux:Mux14" CBX_FILE_NAME="mux_9rc.tdf"/>
		<CBX_INST_ENTRY INSTANCE_NAME="|CPU|RegFile:CPU_RegFile|lpm_mux:Mux63" CBX_FILE_NAME="mux_tsc.tdf"/>
		<CBX_INST_ENTRY INSTANCE_NAME="|CPU|ALU:CPU_ALU|alu_shift:shift|SAR:fuhaoyou|mux1:second2|lpm_mux:Mux4" CBX_FILE_NAME="mux_9rc.tdf"/>
		<CBX_INST_ENTRY INSTANCE_NAME="|CPU|ALU:CPU_ALU|alu_shift:shift|SAR:fuhaoyou|mux3:first2|lpm_mux:Mux24" CBX_FILE_NAME="mux_erc.tdf"/>
		<CBX_INST_ENTRY INSTANCE_NAME="|CPU|ALU:CPU_ALU|alu_shift:shift|SAR:fuhaoyou|mux3:first2|lpm_mux:Mux6" CBX_FILE_NAME="mux_erc.tdf"/>
		<CBX_INST_ENTRY INSTANCE_NAME="|CPU|Control:CPU_Control|lpm_mux:Mux4" CBX_FILE_NAME="mux_usc.tdf"/>
		<CBX_INST_ENTRY INSTANCE_NAME="|CPU|Mux32:CPU_RegWriteSrc|lpm_mux:Mux15" CBX_FILE_NAME="mux_9rc.tdf"/>
		<CBX_INST_ENTRY INSTANCE_NAME="|CPU|RegFile:CPU_RegFile|lpm_mux:Mux64" CBX_FILE_NAME="mux_tsc.tdf"/>
		<CBX_INST_ENTRY INSTANCE_NAME="|CPU|ALU:CPU_ALU|alu_logic:logic1|mux1:out3|lpm_mux:Mux30" CBX_FILE_NAME="mux_9rc.tdf"/>
		<CBX_INST_ENTRY INSTANCE_NAME="|CPU|ALU:CPU_ALU|alu_shift:shift|SAR:fuhaoyou|mux1:second2|lpm_mux:Mux5" CBX_FILE_NAME="mux_9rc.tdf"/>
		<CBX_INST_ENTRY INSTANCE_NAME="|CPU|ALU:CPU_ALU|alu_shift:shift|SAR:fuhaoyou|mux3:first2|lpm_mux:Mux25" CBX_FILE_NAME="mux_erc.tdf"/>
		<CBX_INST_ENTRY INSTANCE_NAME="|CPU|ALU:CPU_ALU|alu_shift:shift|SAR:fuhaoyou|mux3:first2|lpm_mux:Mux7" CBX_FILE_NAME="mux_erc.tdf"/>
		<CBX_INST_ENTRY INSTANCE_NAME="|CPU|Control:CPU_Control|lpm_mux:Mux5" CBX_FILE_NAME="mux_erc.tdf"/>
		<CBX_INST_ENTRY INSTANCE_NAME="|CPU|Mux32:CPU_RegWriteSrc|lpm_mux:Mux16" CBX_FILE_NAME="mux_9rc.tdf"/>
		<CBX_INST_ENTRY INSTANCE_NAME="|CPU|RegFile:CPU_RegFile|lpm_mux:Mux65" CBX_FILE_NAME="mux_tsc.tdf"/>
		<CBX_INST_ENTRY INSTANCE_NAME="|CPU|ALU:CPU_ALU|alu_logic:logic1|mux1:out3|lpm_mux:Mux31" CBX_FILE_NAME="mux_9rc.tdf"/>
		<CBX_INST_ENTRY INSTANCE_NAME="|CPU|ALU:CPU_ALU|alu_shift:shift|SAR:fuhaoyou|mux1:second2|lpm_mux:Mux6" CBX_FILE_NAME="mux_9rc.tdf"/>
		<CBX_INST_ENTRY INSTANCE_NAME="|CPU|ALU:CPU_ALU|alu_shift:shift|SAR:fuhaoyou|mux3:first2|lpm_mux:Mux26" CBX_FILE_NAME="mux_erc.tdf"/>
		<CBX_INST_ENTRY INSTANCE_NAME="|CPU|ALU:CPU_ALU|alu_shift:shift|SAR:fuhaoyou|mux3:first2|lpm_mux:Mux8" CBX_FILE_NAME="mux_erc.tdf"/>
		<CBX_INST_ENTRY INSTANCE_NAME="|CPU|Control:CPU_Control|lpm_mux:Mux6" CBX_FILE_NAME="mux_usc.tdf"/>
		<CBX_INST_ENTRY INSTANCE_NAME="|CPU|Mux32:CPU_RegWriteSrc|lpm_mux:Mux17" CBX_FILE_NAME="mux_9rc.tdf"/>
		<CBX_INST_ENTRY INSTANCE_NAME="|CPU|RegFile:CPU_RegFile|lpm_mux:Mux66" CBX_FILE_NAME="mux_tsc.tdf"/>
		<CBX_INST_ENTRY INSTANCE_NAME="|CPU|ALU:CPU_ALU|alu_shift:shift|SAR:fuhaoyou|mux1:second2|lpm_mux:Mux7" CBX_FILE_NAME="mux_9rc.tdf"/>
		<CBX_INST_ENTRY INSTANCE_NAME="|CPU|ALU:CPU_ALU|alu_shift:shift|SAR:fuhaoyou|mux3:first2|lpm_mux:Mux27" CBX_FILE_NAME="mux_erc.tdf"/>
		<CBX_INST_ENTRY INSTANCE_NAME="|CPU|ALU:CPU_ALU|alu_shift:shift|SAR:fuhaoyou|mux3:first2|lpm_mux:Mux9" CBX_FILE_NAME="mux_erc.tdf"/>
		<CBX_INST_ENTRY INSTANCE_NAME="|CPU|Control:CPU_Control|lpm_mux:Mux7" CBX_FILE_NAME="mux_erc.tdf"/>
		<CBX_INST_ENTRY INSTANCE_NAME="|CPU|Mux32:CPU_RegWriteSrc|lpm_mux:Mux18" CBX_FILE_NAME="mux_9rc.tdf"/>
		<CBX_INST_ENTRY INSTANCE_NAME="|CPU|RegFile:CPU_RegFile|lpm_mux:Mux67" CBX_FILE_NAME="mux_tsc.tdf"/>
		<CBX_INST_ENTRY INSTANCE_NAME="|CPU|ALU:CPU_ALU|alu_shift:shift|SAR:fuhaoyou|mux1:second2|lpm_mux:Mux8" CBX_FILE_NAME="mux_9rc.tdf"/>
		<CBX_INST_ENTRY INSTANCE_NAME="|CPU|ALU:CPU_ALU|alu_shift:shift|SAR:fuhaoyou|mux3:first2|lpm_mux:Mux28" CBX_FILE_NAME="mux_erc.tdf"/>
		<CBX_INST_ENTRY INSTANCE_NAME="|CPU|Control:CPU_Control|lpm_mux:Mux8" CBX_FILE_NAME="mux_erc.tdf"/>
		<CBX_INST_ENTRY INSTANCE_NAME="|CPU|Mux32:CPU_PCSrc|lpm_mux:Mux0" CBX_FILE_NAME="mux_9rc.tdf"/>
		<CBX_INST_ENTRY INSTANCE_NAME="|CPU|Mux32:CPU_RegWriteSrc|lpm_mux:Mux19" CBX_FILE_NAME="mux_9rc.tdf"/>
		<CBX_INST_ENTRY INSTANCE_NAME="|CPU|RegFile:CPU_RegFile|lpm_mux:Mux68" CBX_FILE_NAME="mux_tsc.tdf"/>
		<CBX_INST_ENTRY INSTANCE_NAME="|CPU|ALU:CPU_ALU|alu_shift:shift|SAR:fuhaoyou|mux1:second2|lpm_mux:Mux9" CBX_FILE_NAME="mux_9rc.tdf"/>
		<CBX_INST_ENTRY INSTANCE_NAME="|CPU|ALU:CPU_ALU|alu_shift:shift|SAR:fuhaoyou|mux3:first2|lpm_mux:Mux29" CBX_FILE_NAME="mux_erc.tdf"/>
		<CBX_INST_ENTRY INSTANCE_NAME="|CPU|Control:CPU_Control|lpm_mux:Mux9" CBX_FILE_NAME="mux_usc.tdf"/>
		<CBX_INST_ENTRY INSTANCE_NAME="|CPU|Mux32:CPU_PCSrc|lpm_mux:Mux1" CBX_FILE_NAME="mux_9rc.tdf"/>
		<CBX_INST_ENTRY INSTANCE_NAME="|CPU|RegFile:CPU_RegFile|lpm_mux:Mux69" CBX_FILE_NAME="mux_tsc.tdf"/>
		<CBX_INST_ENTRY INSTANCE_NAME="|CPU|Mux32:CPU_PCSrc|lpm_mux:Mux2" CBX_FILE_NAME="mux_9rc.tdf"/>
		<CBX_INST_ENTRY INSTANCE_NAME="|CPU|Mux32:CPU_PCSrc|lpm_mux:Mux3" CBX_FILE_NAME="mux_9rc.tdf"/>
		<CBX_INST_ENTRY INSTANCE_NAME="|CPU|RegFile:CPU_RegFile|altsyncram:mem_rtl_0" CBX_FILE_NAME="altsyncram_jck1.tdf"/>
		<CBX_INST_ENTRY INSTANCE_NAME="|CPU|Mux32:CPU_PCSrc|lpm_mux:Mux4" CBX_FILE_NAME="mux_9rc.tdf"/>
		<CBX_INST_ENTRY INSTANCE_NAME="|CPU|Mux32:CPU_PCSrc|lpm_mux:Mux5" CBX_FILE_NAME="mux_9rc.tdf"/>
		<CBX_INST_ENTRY INSTANCE_NAME="|CPU|Mux32:CPU_PCSrc|lpm_mux:Mux6" CBX_FILE_NAME="mux_9rc.tdf"/>
		<CBX_INST_ENTRY INSTANCE_NAME="|CPU|Mux32:CPU_RegWriteSrc|lpm_mux:Mux0" CBX_FILE_NAME="mux_9rc.tdf"/>
		<CBX_INST_ENTRY INSTANCE_NAME="|CPU|Mux32:CPU_PCSrc|lpm_mux:Mux7" CBX_FILE_NAME="mux_9rc.tdf"/>
		<CBX_INST_ENTRY INSTANCE_NAME="|CPU|Mux32:CPU_RegWriteSrc|lpm_mux:Mux1" CBX_FILE_NAME="mux_9rc.tdf"/>
		<CBX_INST_ENTRY INSTANCE_NAME="|CPU|ALU:CPU_ALU|alu_shift:shift|ROR:xunhuanyou|mux3:first3|lpm_mux:Mux0" CBX_FILE_NAME="mux_erc.tdf"/>
		<CBX_INST_ENTRY INSTANCE_NAME="|CPU|Mux32:CPU_PCSrc|lpm_mux:Mux8" CBX_FILE_NAME="mux_9rc.tdf"/>
		<CBX_INST_ENTRY INSTANCE_NAME="|CPU|Mux32:CPU_RegWriteSrc|lpm_mux:Mux2" CBX_FILE_NAME="mux_9rc.tdf"/>
		<CBX_INST_ENTRY INSTANCE_NAME="|CPU|Mux32:CPU_RegWriteSrc|lpm_mux:Mux20" CBX_FILE_NAME="mux_9rc.tdf"/>
		<CBX_INST_ENTRY INSTANCE_NAME="|CPU|ALU:CPU_ALU|alu_shift:shift|ROR:xunhuanyou|mux3:first3|lpm_mux:Mux1" CBX_FILE_NAME="mux_erc.tdf"/>
		<CBX_INST_ENTRY INSTANCE_NAME="|CPU|ALU:CPU_ALU|alu_shift:shift|SAR:fuhaoyou|mux1:second2|lpm_mux:Mux10" CBX_FILE_NAME="mux_9rc.tdf"/>
		<CBX_INST_ENTRY INSTANCE_NAME="|CPU|ALU:CPU_ALU|alu_shift:shift|SAR:fuhaoyou|mux3:first2|lpm_mux:Mux30" CBX_FILE_NAME="mux_erc.tdf"/>
		<CBX_INST_ENTRY INSTANCE_NAME="|CPU|Control:CPU_Control|lpm_mux:Mux10" CBX_FILE_NAME="mux_erc.tdf"/>
		<CBX_INST_ENTRY INSTANCE_NAME="|CPU|Mux32:CPU_PCSrc|lpm_mux:Mux9" CBX_FILE_NAME="mux_9rc.tdf"/>
		<CBX_INST_ENTRY INSTANCE_NAME="|CPU|Mux32:CPU_RegWriteSrc|lpm_mux:Mux21" CBX_FILE_NAME="mux_9rc.tdf"/>
		<CBX_INST_ENTRY INSTANCE_NAME="|CPU|Mux32:CPU_RegWriteSrc|lpm_mux:Mux3" CBX_FILE_NAME="mux_9rc.tdf"/>
		<CBX_INST_ENTRY INSTANCE_NAME="|CPU|RegFile:CPU_RegFile|lpm_mux:Mux70" CBX_FILE_NAME="mux_tsc.tdf"/>
		<CBX_INST_ENTRY INSTANCE_NAME="|CPU|ALU:CPU_ALU|alu_shift:shift|ROR:xunhuanyou|mux3:first3|lpm_mux:Mux2" CBX_FILE_NAME="mux_erc.tdf"/>
		<CBX_INST_ENTRY INSTANCE_NAME="|CPU|ALU:CPU_ALU|alu_shift:shift|SAR:fuhaoyou|mux1:second2|lpm_mux:Mux11" CBX_FILE_NAME="mux_9rc.tdf"/>
		<CBX_INST_ENTRY INSTANCE_NAME="|CPU|ALU:CPU_ALU|alu_shift:shift|SAR:fuhaoyou|mux3:first2|lpm_mux:Mux31" CBX_FILE_NAME="mux_erc.tdf"/>
		<CBX_INST_ENTRY INSTANCE_NAME="|CPU|Control:CPU_Control|lpm_mux:Mux11" CBX_FILE_NAME="mux_9rc.tdf"/>
		<CBX_INST_ENTRY INSTANCE_NAME="|CPU|Funct:CPU_FuncSrc|lpm_mux:Mux0" CBX_FILE_NAME="mux_9rc.tdf"/>
		<CBX_INST_ENTRY INSTANCE_NAME="|CPU|Mux32:CPU_RegWriteSrc|lpm_mux:Mux22" CBX_FILE_NAME="mux_9rc.tdf"/>
		<CBX_INST_ENTRY INSTANCE_NAME="|CPU|Mux32:CPU_RegWriteSrc|lpm_mux:Mux4" CBX_FILE_NAME="mux_9rc.tdf"/>
		<CBX_INST_ENTRY INSTANCE_NAME="|CPU|RegFile:CPU_RegFile|lpm_mux:Mux71" CBX_FILE_NAME="mux_tsc.tdf"/>
		<CBX_INST_ENTRY INSTANCE_NAME="|CPU|ALU:CPU_ALU|alu_shift:shift|ROR:xunhuanyou|mux3:first3|lpm_mux:Mux3" CBX_FILE_NAME="mux_erc.tdf"/>
		<CBX_INST_ENTRY INSTANCE_NAME="|CPU|ALU:CPU_ALU|alu_shift:shift|SAR:fuhaoyou|mux1:second2|lpm_mux:Mux12" CBX_FILE_NAME="mux_9rc.tdf"/>
		<CBX_INST_ENTRY INSTANCE_NAME="|CPU|Funct:CPU_FuncSrc|lpm_mux:Mux1" CBX_FILE_NAME="mux_9rc.tdf"/>
		<CBX_INST_ENTRY INSTANCE_NAME="|CPU|Mux32:CPU_RegWriteSrc|lpm_mux:Mux23" CBX_FILE_NAME="mux_9rc.tdf"/>
		<CBX_INST_ENTRY INSTANCE_NAME="|CPU|Mux32:CPU_RegWriteSrc|lpm_mux:Mux5" CBX_FILE_NAME="mux_9rc.tdf"/>
		<CBX_INST_ENTRY INSTANCE_NAME="|CPU|RegFile:CPU_RegFile|lpm_mux:Mux72" CBX_FILE_NAME="mux_tsc.tdf"/>
		<CBX_INST_ENTRY INSTANCE_NAME="|CPU|ALU:CPU_ALU|alu_shift:shift|ROR:xunhuanyou|mux3:first3|lpm_mux:Mux4" CBX_FILE_NAME="mux_erc.tdf"/>
		<CBX_INST_ENTRY INSTANCE_NAME="|CPU|ALU:CPU_ALU|alu_shift:shift|SAR:fuhaoyou|mux1:second2|lpm_mux:Mux13" CBX_FILE_NAME="mux_9rc.tdf"/>
		<CBX_INST_ENTRY INSTANCE_NAME="|CPU|ALU:CPU_ALU|alu_shift:shift|SHR:youyi|mux3:first1|lpm_mux:Mux10" CBX_FILE_NAME="mux_erc.tdf"/>
		<CBX_INST_ENTRY INSTANCE_NAME="|CPU|Funct:CPU_FuncSrc|lpm_mux:Mux2" CBX_FILE_NAME="mux_9rc.tdf"/>
		<CBX_INST_ENTRY INSTANCE_NAME="|CPU|Mux32:CPU_RegWriteSrc|lpm_mux:Mux24" CBX_FILE_NAME="mux_9rc.tdf"/>
		<CBX_INST_ENTRY INSTANCE_NAME="|CPU|Mux32:CPU_RegWriteSrc|lpm_mux:Mux6" CBX_FILE_NAME="mux_9rc.tdf"/>
		<CBX_INST_ENTRY INSTANCE_NAME="|CPU|RegFile:CPU_RegFile|lpm_mux:Mux73" CBX_FILE_NAME="mux_tsc.tdf"/>
		<CBX_INST_ENTRY INSTANCE_NAME="|CPU|ALU:CPU_ALU|alu_shift:shift|ROR:xunhuanyou|mux3:first3|lpm_mux:Mux5" CBX_FILE_NAME="mux_erc.tdf"/>
		<CBX_INST_ENTRY INSTANCE_NAME="|CPU|ALU:CPU_ALU|alu_shift:shift|SAR:fuhaoyou|mux1:second2|lpm_mux:Mux14" CBX_FILE_NAME="mux_9rc.tdf"/>
		<CBX_INST_ENTRY INSTANCE_NAME="|CPU|ALU:CPU_ALU|alu_shift:shift|SHR:youyi|mux3:first1|lpm_mux:Mux11" CBX_FILE_NAME="mux_erc.tdf"/>
		<CBX_INST_ENTRY INSTANCE_NAME="|CPU|Funct:CPU_FuncSrc|lpm_mux:Mux3" CBX_FILE_NAME="mux_9rc.tdf"/>
		<CBX_INST_ENTRY INSTANCE_NAME="|CPU|Mux32:CPU_RegWriteSrc|lpm_mux:Mux25" CBX_FILE_NAME="mux_9rc.tdf"/>
		<CBX_INST_ENTRY INSTANCE_NAME="|CPU|Mux32:CPU_RegWriteSrc|lpm_mux:Mux7" CBX_FILE_NAME="mux_9rc.tdf"/>
		<CBX_INST_ENTRY INSTANCE_NAME="|CPU|RegFile:CPU_RegFile|lpm_mux:Mux74" CBX_FILE_NAME="mux_tsc.tdf"/>
		<CBX_INST_ENTRY INSTANCE_NAME="|CPU|ALU:CPU_ALU|alu_shift:shift|ROR:xunhuanyou|mux3:first3|lpm_mux:Mux6" CBX_FILE_NAME="mux_erc.tdf"/>
		<CBX_INST_ENTRY INSTANCE_NAME="|CPU|ALU:CPU_ALU|alu_shift:shift|SAR:fuhaoyou|mux1:second2|lpm_mux:Mux15" CBX_FILE_NAME="mux_9rc.tdf"/>
		<CBX_INST_ENTRY INSTANCE_NAME="|CPU|ALU:CPU_ALU|alu_shift:shift|SHR:youyi|mux1:second1|lpm_mux:Mux10" CBX_FILE_NAME="mux_9rc.tdf"/>
		<CBX_INST_ENTRY INSTANCE_NAME="|CPU|ALU:CPU_ALU|alu_shift:shift|SHR:youyi|mux3:first1|lpm_mux:Mux12" CBX_FILE_NAME="mux_erc.tdf"/>
		<CBX_INST_ENTRY INSTANCE_NAME="|CPU|Mux32:CPU_RegWriteSrc|lpm_mux:Mux26" CBX_FILE_NAME="mux_9rc.tdf"/>
		<CBX_INST_ENTRY INSTANCE_NAME="|CPU|Mux32:CPU_RegWriteSrc|lpm_mux:Mux8" CBX_FILE_NAME="mux_9rc.tdf"/>
		<CBX_INST_ENTRY INSTANCE_NAME="|CPU|RegFile:CPU_RegFile|lpm_mux:Mux75" CBX_FILE_NAME="mux_tsc.tdf"/>
		<CBX_INST_ENTRY INSTANCE_NAME="|CPU|ALU:CPU_ALU|alu_shift:shift|ROR:xunhuanyou|mux3:first3|lpm_mux:Mux7" CBX_FILE_NAME="mux_erc.tdf"/>
		<CBX_INST_ENTRY INSTANCE_NAME="|CPU|ALU:CPU_ALU|alu_shift:shift|SAR:fuhaoyou|mux1:second2|lpm_mux:Mux16" CBX_FILE_NAME="mux_9rc.tdf"/>
		<CBX_INST_ENTRY INSTANCE_NAME="|CPU|ALU:CPU_ALU|alu_shift:shift|SHR:youyi|mux1:second1|lpm_mux:Mux11" CBX_FILE_NAME="mux_9rc.tdf"/>
		<CBX_INST_ENTRY INSTANCE_NAME="|CPU|ALU:CPU_ALU|alu_shift:shift|SHR:youyi|mux3:first1|lpm_mux:Mux13" CBX_FILE_NAME="mux_erc.tdf"/>
		<CBX_INST_ENTRY INSTANCE_NAME="|CPU|Mux32:CPU_RegWriteSrc|lpm_mux:Mux27" CBX_FILE_NAME="mux_9rc.tdf"/>
		<CBX_INST_ENTRY INSTANCE_NAME="|CPU|Mux32:CPU_RegWriteSrc|lpm_mux:Mux9" CBX_FILE_NAME="mux_9rc.tdf"/>
		<CBX_INST_ENTRY INSTANCE_NAME="|CPU|RegFile:CPU_RegFile|lpm_mux:Mux76" CBX_FILE_NAME="mux_tsc.tdf"/>
		<CBX_INST_ENTRY INSTANCE_NAME="|CPU|ALU:CPU_ALU|alu_shift:shift|ROR:xunhuanyou|mux3:first3|lpm_mux:Mux8" CBX_FILE_NAME="mux_erc.tdf"/>
		<CBX_INST_ENTRY INSTANCE_NAME="|CPU|ALU:CPU_ALU|alu_shift:shift|SAR:fuhaoyou|mux1:second2|lpm_mux:Mux17" CBX_FILE_NAME="mux_9rc.tdf"/>
		<CBX_INST_ENTRY INSTANCE_NAME="|CPU|ALU:CPU_ALU|alu_shift:shift|SHR:youyi|mux1:second1|lpm_mux:Mux12" CBX_FILE_NAME="mux_9rc.tdf"/>
		<CBX_INST_ENTRY INSTANCE_NAME="|CPU|ALU:CPU_ALU|alu_shift:shift|SHR:youyi|mux3:first1|lpm_mux:Mux14" CBX_FILE_NAME="mux_erc.tdf"/>
		<CBX_INST_ENTRY INSTANCE_NAME="|CPU|Mux32:CPU_RegWriteSrc|lpm_mux:Mux28" CBX_FILE_NAME="mux_9rc.tdf"/>
		<CBX_INST_ENTRY INSTANCE_NAME="|CPU|RegFile:CPU_RegFile|lpm_mux:Mux77" CBX_FILE_NAME="mux_tsc.tdf"/>
		<CBX_INST_ENTRY INSTANCE_NAME="|CPU|ALU:CPU_ALU|alu_shift:shift|ROR:xunhuanyou|mux3:first3|lpm_mux:Mux9" CBX_FILE_NAME="mux_erc.tdf"/>
		<CBX_INST_ENTRY INSTANCE_NAME="|CPU|ALU:CPU_ALU|alu_shift:shift|SAR:fuhaoyou|mux1:second2|lpm_mux:Mux18" CBX_FILE_NAME="mux_9rc.tdf"/>
		<CBX_INST_ENTRY INSTANCE_NAME="|CPU|ALU:CPU_ALU|alu_shift:shift|SHR:youyi|mux1:second1|lpm_mux:Mux13" CBX_FILE_NAME="mux_9rc.tdf"/>
		<CBX_INST_ENTRY INSTANCE_NAME="|CPU|ALU:CPU_ALU|alu_shift:shift|SHR:youyi|mux3:first1|lpm_mux:Mux15" CBX_FILE_NAME="mux_erc.tdf"/>
		<CBX_INST_ENTRY INSTANCE_NAME="|CPU|Mux32:CPU_PCSrc|lpm_mux:Mux10" CBX_FILE_NAME="mux_9rc.tdf"/>
		<CBX_INST_ENTRY INSTANCE_NAME="|CPU|Mux32:CPU_RegWriteSrc|lpm_mux:Mux29" CBX_FILE_NAME="mux_9rc.tdf"/>
		<CBX_INST_ENTRY INSTANCE_NAME="|CPU|RegFile:CPU_RegFile|lpm_mux:Mux78" CBX_FILE_NAME="mux_tsc.tdf"/>
		<CBX_INST_ENTRY INSTANCE_NAME="|CPU|ALU:CPU_ALU|alu_shift:shift|SAR:fuhaoyou|mux1:second2|lpm_mux:Mux19" CBX_FILE_NAME="mux_9rc.tdf"/>
		<CBX_INST_ENTRY INSTANCE_NAME="|CPU|ALU:CPU_ALU|alu_shift:shift|SHR:youyi|mux1:second1|lpm_mux:Mux14" CBX_FILE_NAME="mux_9rc.tdf"/>
		<CBX_INST_ENTRY INSTANCE_NAME="|CPU|ALU:CPU_ALU|alu_shift:shift|SHR:youyi|mux3:first1|lpm_mux:Mux16" CBX_FILE_NAME="mux_erc.tdf"/>
		<CBX_INST_ENTRY INSTANCE_NAME="|CPU|Mux32:CPU_PCSrc|lpm_mux:Mux11" CBX_FILE_NAME="mux_9rc.tdf"/>
		<CBX_INST_ENTRY INSTANCE_NAME="|CPU|RegFile:CPU_RegFile|lpm_mux:Mux79" CBX_FILE_NAME="mux_tsc.tdf"/>
		<CBX_INST_ENTRY INSTANCE_NAME="|CPU|ALU:CPU_ALU|alu_shift:shift|SHR:youyi|mux1:second1|lpm_mux:Mux15" CBX_FILE_NAME="mux_9rc.tdf"/>
		<CBX_INST_ENTRY INSTANCE_NAME="|CPU|ALU:CPU_ALU|alu_shift:shift|SHR:youyi|mux3:first1|lpm_mux:Mux17" CBX_FILE_NAME="mux_erc.tdf"/>
		<CBX_INST_ENTRY INSTANCE_NAME="|CPU|ALU:CPU_ALU|alu_shift:shift|mux1:sign3|lpm_mux:Mux10" CBX_FILE_NAME="mux_9rc.tdf"/>
		<CBX_INST_ENTRY INSTANCE_NAME="|CPU|Mux32:CPU_PCSrc|lpm_mux:Mux12" CBX_FILE_NAME="mux_9rc.tdf"/>
		<CBX_INST_ENTRY INSTANCE_NAME="|CPU|ALU:CPU_ALU|alu_shift:shift|SHR:youyi|mux1:second1|lpm_mux:Mux16" CBX_FILE_NAME="mux_9rc.tdf"/>
		<CBX_INST_ENTRY INSTANCE_NAME="|CPU|ALU:CPU_ALU|alu_shift:shift|SHR:youyi|mux3:first1|lpm_mux:Mux18" CBX_FILE_NAME="mux_erc.tdf"/>
		<CBX_INST_ENTRY INSTANCE_NAME="|CPU|ALU:CPU_ALU|alu_shift:shift|mux1:sign3|lpm_mux:Mux11" CBX_FILE_NAME="mux_9rc.tdf"/>
		<CBX_INST_ENTRY INSTANCE_NAME="|CPU|Mux32:CPU_PCSrc|lpm_mux:Mux13" CBX_FILE_NAME="mux_9rc.tdf"/>
		<CBX_INST_ENTRY INSTANCE_NAME="|CPU|ALU:CPU_ALU|alu_shift:shift|SHR:youyi|mux1:second1|lpm_mux:Mux17" CBX_FILE_NAME="mux_9rc.tdf"/>
		<CBX_INST_ENTRY INSTANCE_NAME="|CPU|ALU:CPU_ALU|alu_shift:shift|SHR:youyi|mux3:first1|lpm_mux:Mux19" CBX_FILE_NAME="mux_erc.tdf"/>
		<CBX_INST_ENTRY INSTANCE_NAME="|CPU|ALU:CPU_ALU|alu_shift:shift|mux1:sign3|lpm_mux:Mux12" CBX_FILE_NAME="mux_9rc.tdf"/>
		<CBX_INST_ENTRY INSTANCE_NAME="|CPU|Mux32:CPU_PCSrc|lpm_mux:Mux14" CBX_FILE_NAME="mux_9rc.tdf"/>
		<CBX_INST_ENTRY INSTANCE_NAME="|CPU|ALU:CPU_ALU|alu_shift:shift|SHR:youyi|mux1:second1|lpm_mux:Mux18" CBX_FILE_NAME="mux_9rc.tdf"/>
		<CBX_INST_ENTRY INSTANCE_NAME="|CPU|ALU:CPU_ALU|alu_shift:shift|mux1:sign3|lpm_mux:Mux13" CBX_FILE_NAME="mux_9rc.tdf"/>
		<CBX_INST_ENTRY INSTANCE_NAME="|CPU|Mux32:CPU_PCSrc|lpm_mux:Mux15" CBX_FILE_NAME="mux_9rc.tdf"/>
		<CBX_INST_ENTRY INSTANCE_NAME="|CPU|ALU:CPU_ALU|alu_shift:shift|SHR:youyi|mux1:second1|lpm_mux:Mux19" CBX_FILE_NAME="mux_9rc.tdf"/>
		<CBX_INST_ENTRY INSTANCE_NAME="|CPU|ALU:CPU_ALU|alu_shift:shift|mux1:sign3|lpm_mux:Mux14" CBX_FILE_NAME="mux_9rc.tdf"/>
		<CBX_INST_ENTRY INSTANCE_NAME="|CPU|Mux32:CPU_PCSrc|lpm_mux:Mux16" CBX_FILE_NAME="mux_9rc.tdf"/>
		<CBX_INST_ENTRY INSTANCE_NAME="|CPU|ALU:CPU_ALU|alu_shift:shift|mux1:sign3|lpm_mux:Mux15" CBX_FILE_NAME="mux_9rc.tdf"/>
		<CBX_INST_ENTRY INSTANCE_NAME="|CPU|Mux32:CPU_PCSrc|lpm_mux:Mux17" CBX_FILE_NAME="mux_9rc.tdf"/>
		<CBX_INST_ENTRY INSTANCE_NAME="|CPU|ALU:CPU_ALU|alu_shift:shift|ROR:xunhuanyou|mux3:first3|lpm_mux:Mux10" CBX_FILE_NAME="mux_erc.tdf"/>
		<CBX_INST_ENTRY INSTANCE_NAME="|CPU|ALU:CPU_ALU|alu_shift:shift|mux1:sign3|lpm_mux:Mux16" CBX_FILE_NAME="mux_9rc.tdf"/>
		<CBX_INST_ENTRY INSTANCE_NAME="|CPU|Mux32:CPU_PCSrc|lpm_mux:Mux18" CBX_FILE_NAME="mux_9rc.tdf"/>
		<CBX_INST_ENTRY INSTANCE_NAME="|CPU|Mux32:CPU_RegWriteSrc|lpm_mux:Mux30" CBX_FILE_NAME="mux_9rc.tdf"/>
		<CBX_INST_ENTRY INSTANCE_NAME="|CPU|ALU:CPU_ALU|alu_shift:shift|ROR:xunhuanyou|mux1:second3|lpm_mux:Mux0" CBX_FILE_NAME="mux_9rc.tdf"/>
		<CBX_INST_ENTRY INSTANCE_NAME="|CPU|ALU:CPU_ALU|alu_shift:shift|ROR:xunhuanyou|mux3:first3|lpm_mux:Mux11" CBX_FILE_NAME="mux_erc.tdf"/>
		<CBX_INST_ENTRY INSTANCE_NAME="|CPU|ALU:CPU_ALU|alu_shift:shift|SAR:fuhaoyou|mux1:second2|lpm_mux:Mux20" CBX_FILE_NAME="mux_9rc.tdf"/>
		<CBX_INST_ENTRY INSTANCE_NAME="|CPU|ALU:CPU_ALU|alu_shift:shift|mux1:sign3|lpm_mux:Mux17" CBX_FILE_NAME="mux_9rc.tdf"/>
		<CBX_INST_ENTRY INSTANCE_NAME="|CPU|Mux32:CPU_PCSrc|lpm_mux:Mux19" CBX_FILE_NAME="mux_9rc.tdf"/>
		<CBX_INST_ENTRY INSTANCE_NAME="|CPU|Mux32:CPU_RegWriteSrc|lpm_mux:Mux31" CBX_FILE_NAME="mux_9rc.tdf"/>
		<CBX_INST_ENTRY INSTANCE_NAME="|CPU|RegFile:CPU_RegFile|lpm_mux:Mux80" CBX_FILE_NAME="mux_tsc.tdf"/>
		<CBX_INST_ENTRY INSTANCE_NAME="|CPU|ALU:CPU_ALU|alu_shift:shift|ROR:xunhuanyou|mux1:second3|lpm_mux:Mux1" CBX_FILE_NAME="mux_9rc.tdf"/>
		<CBX_INST_ENTRY INSTANCE_NAME="|CPU|ALU:CPU_ALU|alu_shift:shift|ROR:xunhuanyou|mux3:first3|lpm_mux:Mux12" CBX_FILE_NAME="mux_erc.tdf"/>
		<CBX_INST_ENTRY INSTANCE_NAME="|CPU|ALU:CPU_ALU|alu_shift:shift|SAR:fuhaoyou|mux1:second2|lpm_mux:Mux21" CBX_FILE_NAME="mux_9rc.tdf"/>
		<CBX_INST_ENTRY INSTANCE_NAME="|CPU|ALU:CPU_ALU|alu_shift:shift|mux1:sign3|lpm_mux:Mux18" CBX_FILE_NAME="mux_9rc.tdf"/>
		<CBX_INST_ENTRY INSTANCE_NAME="|CPU|RegFile:CPU_RegFile|lpm_mux:Mux81" CBX_FILE_NAME="mux_tsc.tdf"/>
		<CBX_INST_ENTRY INSTANCE_NAME="|CPU|ALU:CPU_ALU|alu_shift:shift|ROR:xunhuanyou|mux1:second3|lpm_mux:Mux2" CBX_FILE_NAME="mux_9rc.tdf"/>
		<CBX_INST_ENTRY INSTANCE_NAME="|CPU|ALU:CPU_ALU|alu_shift:shift|ROR:xunhuanyou|mux3:first3|lpm_mux:Mux13" CBX_FILE_NAME="mux_erc.tdf"/>
		<CBX_INST_ENTRY INSTANCE_NAME="|CPU|ALU:CPU_ALU|alu_shift:shift|SAR:fuhaoyou|mux1:second2|lpm_mux:Mux22" CBX_FILE_NAME="mux_9rc.tdf"/>
		<CBX_INST_ENTRY INSTANCE_NAME="|CPU|ALU:CPU_ALU|alu_shift:shift|mux1:sign3|lpm_mux:Mux19" CBX_FILE_NAME="mux_9rc.tdf"/>
		<CBX_INST_ENTRY INSTANCE_NAME="|CPU|RegFile:CPU_RegFile|lpm_mux:Mux82" CBX_FILE_NAME="mux_tsc.tdf"/>
		<CBX_INST_ENTRY INSTANCE_NAME="|CPU|ALU:CPU_ALU|alu_shift:shift|ROR:xunhuanyou|mux1:second3|lpm_mux:Mux3" CBX_FILE_NAME="mux_9rc.tdf"/>
		<CBX_INST_ENTRY INSTANCE_NAME="|CPU|ALU:CPU_ALU|alu_shift:shift|ROR:xunhuanyou|mux3:first3|lpm_mux:Mux14" CBX_FILE_NAME="mux_erc.tdf"/>
		<CBX_INST_ENTRY INSTANCE_NAME="|CPU|ALU:CPU_ALU|alu_shift:shift|SAR:fuhaoyou|mux1:second2|lpm_mux:Mux23" CBX_FILE_NAME="mux_9rc.tdf"/>
		<CBX_INST_ENTRY INSTANCE_NAME="|CPU|ALU:CPU_ALU|alu_shift:shift|SHR:youyi|mux3:first1|lpm_mux:Mux20" CBX_FILE_NAME="mux_erc.tdf"/>
		<CBX_INST_ENTRY INSTANCE_NAME="|CPU|RegFile:CPU_RegFile|lpm_mux:Mux83" CBX_FILE_NAME="mux_tsc.tdf"/>
		<CBX_INST_ENTRY INSTANCE_NAME="|CPU|ALU:CPU_ALU|alu_shift:shift|ROR:xunhuanyou|mux1:second3|lpm_mux:Mux4" CBX_FILE_NAME="mux_9rc.tdf"/>
		<CBX_INST_ENTRY INSTANCE_NAME="|CPU|ALU:CPU_ALU|alu_shift:shift|ROR:xunhuanyou|mux3:first3|lpm_mux:Mux15" CBX_FILE_NAME="mux_erc.tdf"/>
		<CBX_INST_ENTRY INSTANCE_NAME="|CPU|ALU:CPU_ALU|alu_shift:shift|SAR:fuhaoyou|mux1:second2|lpm_mux:Mux24" CBX_FILE_NAME="mux_9rc.tdf"/>
		<CBX_INST_ENTRY INSTANCE_NAME="|CPU|ALU:CPU_ALU|alu_shift:shift|SHR:youyi|mux3:first1|lpm_mux:Mux21" CBX_FILE_NAME="mux_erc.tdf"/>
		<CBX_INST_ENTRY INSTANCE_NAME="|CPU|DMem:CPU_DMem|altsyncram:altsyncram_component" CBX_FILE_NAME="altsyncram_31t1.tdf"/>
		<CBX_INST_ENTRY INSTANCE_NAME="|CPU|RegFile:CPU_RegFile|lpm_mux:Mux84" CBX_FILE_NAME="mux_tsc.tdf"/>
		<CBX_INST_ENTRY INSTANCE_NAME="|CPU|ALU:CPU_ALU|alu_shift:shift|ROR:xunhuanyou|mux1:second3|lpm_mux:Mux5" CBX_FILE_NAME="mux_9rc.tdf"/>
		<CBX_INST_ENTRY INSTANCE_NAME="|CPU|ALU:CPU_ALU|alu_shift:shift|ROR:xunhuanyou|mux3:first3|lpm_mux:Mux16" CBX_FILE_NAME="mux_erc.tdf"/>
		<CBX_INST_ENTRY INSTANCE_NAME="|CPU|ALU:CPU_ALU|alu_shift:shift|SAR:fuhaoyou|mux1:second2|lpm_mux:Mux25" CBX_FILE_NAME="mux_9rc.tdf"/>
		<CBX_INST_ENTRY INSTANCE_NAME="|CPU|ALU:CPU_ALU|alu_shift:shift|SHR:youyi|mux1:second1|lpm_mux:Mux20" CBX_FILE_NAME="mux_9rc.tdf"/>
		<CBX_INST_ENTRY INSTANCE_NAME="|CPU|ALU:CPU_ALU|alu_shift:shift|SHR:youyi|mux3:first1|lpm_mux:Mux22" CBX_FILE_NAME="mux_erc.tdf"/>
		<CBX_INST_ENTRY INSTANCE_NAME="|CPU|RegFile:CPU_RegFile|lpm_mux:Mux85" CBX_FILE_NAME="mux_tsc.tdf"/>
		<CBX_INST_ENTRY INSTANCE_NAME="|CPU|ALU:CPU_ALU|alu_shift:shift|ROR:xunhuanyou|mux1:second3|lpm_mux:Mux6" CBX_FILE_NAME="mux_9rc.tdf"/>
		<CBX_INST_ENTRY INSTANCE_NAME="|CPU|ALU:CPU_ALU|alu_shift:shift|ROR:xunhuanyou|mux3:first3|lpm_mux:Mux17" CBX_FILE_NAME="mux_erc.tdf"/>
		<CBX_INST_ENTRY INSTANCE_NAME="|CPU|ALU:CPU_ALU|alu_shift:shift|SAR:fuhaoyou|mux1:second2|lpm_mux:Mux26" CBX_FILE_NAME="mux_9rc.tdf"/>
		<CBX_INST_ENTRY INSTANCE_NAME="|CPU|ALU:CPU_ALU|alu_shift:shift|SHR:youyi|mux1:second1|lpm_mux:Mux21" CBX_FILE_NAME="mux_9rc.tdf"/>
		<CBX_INST_ENTRY INSTANCE_NAME="|CPU|ALU:CPU_ALU|alu_shift:shift|SHR:youyi|mux3:first1|lpm_mux:Mux23" CBX_FILE_NAME="mux_erc.tdf"/>
		<CBX_INST_ENTRY INSTANCE_NAME="|CPU|RegFile:CPU_RegFile|lpm_mux:Mux86" CBX_FILE_NAME="mux_tsc.tdf"/>
		<CBX_INST_ENTRY INSTANCE_NAME="|CPU|ALU:CPU_ALU|alu_shift:shift|ROR:xunhuanyou|mux1:second3|lpm_mux:Mux7" CBX_FILE_NAME="mux_9rc.tdf"/>
		<CBX_INST_ENTRY INSTANCE_NAME="|CPU|ALU:CPU_ALU|alu_shift:shift|ROR:xunhuanyou|mux3:first3|lpm_mux:Mux18" CBX_FILE_NAME="mux_erc.tdf"/>
		<CBX_INST_ENTRY INSTANCE_NAME="|CPU|ALU:CPU_ALU|alu_shift:shift|SAR:fuhaoyou|mux1:second2|lpm_mux:Mux27" CBX_FILE_NAME="mux_9rc.tdf"/>
		<CBX_INST_ENTRY INSTANCE_NAME="|CPU|ALU:CPU_ALU|alu_shift:shift|SHR:youyi|mux1:second1|lpm_mux:Mux22" CBX_FILE_NAME="mux_9rc.tdf"/>
		<CBX_INST_ENTRY INSTANCE_NAME="|CPU|ALU:CPU_ALU|alu_shift:shift|SHR:youyi|mux3:first1|lpm_mux:Mux24" CBX_FILE_NAME="mux_erc.tdf"/>
		<CBX_INST_ENTRY INSTANCE_NAME="|CPU|RegFile:CPU_RegFile|lpm_mux:Mux87" CBX_FILE_NAME="mux_tsc.tdf"/>
		<CBX_INST_ENTRY INSTANCE_NAME="|CPU|ALU:CPU_ALU|alu_shift:shift|ROR:xunhuanyou|mux1:second3|lpm_mux:Mux8" CBX_FILE_NAME="mux_9rc.tdf"/>
		<CBX_INST_ENTRY INSTANCE_NAME="|CPU|ALU:CPU_ALU|alu_shift:shift|ROR:xunhuanyou|mux3:first3|lpm_mux:Mux19" CBX_FILE_NAME="mux_erc.tdf"/>
		<CBX_INST_ENTRY INSTANCE_NAME="|CPU|ALU:CPU_ALU|alu_shift:shift|SAR:fuhaoyou|mux1:second2|lpm_mux:Mux28" CBX_FILE_NAME="mux_9rc.tdf"/>
		<CBX_INST_ENTRY INSTANCE_NAME="|CPU|ALU:CPU_ALU|alu_shift:shift|SHR:youyi|mux1:second1|lpm_mux:Mux23" CBX_FILE_NAME="mux_9rc.tdf"/>
		<CBX_INST_ENTRY INSTANCE_NAME="|CPU|ALU:CPU_ALU|alu_shift:shift|SHR:youyi|mux3:first1|lpm_mux:Mux25" CBX_FILE_NAME="mux_erc.tdf"/>
		<CBX_INST_ENTRY INSTANCE_NAME="|CPU|Mux32:CPU_PCSrc|lpm_mux:Mux20" CBX_FILE_NAME="mux_9rc.tdf"/>
		<CBX_INST_ENTRY INSTANCE_NAME="|CPU|RegFile:CPU_RegFile|lpm_mux:Mux88" CBX_FILE_NAME="mux_tsc.tdf"/>
		<CBX_INST_ENTRY INSTANCE_NAME="|CPU|ALU:CPU_ALU|alu_shift:shift|SAR:fuhaoyou|mux1:second2|lpm_mux:Mux29" CBX_FILE_NAME="mux_9rc.tdf"/>
		<CBX_INST_ENTRY INSTANCE_NAME="|CPU|Mux32:CPU_PCSrc|lpm_mux:Mux21" CBX_FILE_NAME="mux_9rc.tdf"/>
		<CBX_INST_ENTRY INSTANCE_NAME="|CPU|RegFile:CPU_RegFile|lpm_mux:Mux89" CBX_FILE_NAME="mux_tsc.tdf"/>
		<CBX_INST_ENTRY INSTANCE_NAME="|CPU|Mux32:CPU_PCSrc|lpm_mux:Mux22" CBX_FILE_NAME="mux_9rc.tdf"/>
		<CBX_INST_ENTRY INSTANCE_NAME="|CPU|Mux32:CPU_PCSrc|lpm_mux:Mux23" CBX_FILE_NAME="mux_9rc.tdf"/>
		<CBX_INST_ENTRY INSTANCE_NAME="|CPU|Mux32:CPU_PCSrc|lpm_mux:Mux24" CBX_FILE_NAME="mux_9rc.tdf"/>
		<CBX_INST_ENTRY INSTANCE_NAME="|CPU|Mux32:CPU_PCSrc|lpm_mux:Mux25" CBX_FILE_NAME="mux_9rc.tdf"/>
		<CBX_INST_ENTRY INSTANCE_NAME="|CPU|Mux32:CPU_PCSrc|lpm_mux:Mux26" CBX_FILE_NAME="mux_9rc.tdf"/>
	</PROJECT>
</LOG_ROOT>
